# Selected-toolchain, globally unique masked COFF providers.
rva	name	lib	confidence	source
0x0563d0	??0DNameNode@@IAE@XZ	LIBCMT.LIB	HIGH	fid-census:1f18290e7cc8:build/intel/mt_obj/undname.obj:898a0a702900
0x150c86	?ExtTextOutA@CDC@@UAEHHHIPBUtagRECT@@PBDIPAH@Z	NAFXCW.LIB	HIGH	fid-census:70a8d16f09bf:$NW/wingdi.obj:e0498a2ae480
0x150cab	?TabbedTextOutA@CDC@@UAE?AVCSize@@HHPBDHHPAHH@Z	NAFXCW.LIB	HIGH	fid-census:70a8d16f09bf:$NW/wingdi.obj:e0498a2ae480
0x150eb1	??0CFileFind@@QAE@XZ	NAFXCW.LIB	HIGH	fid-census:70a8d16f09bf:$NW/filefind.obj:89513cb973a2
0x150f15	??1CFileFind@@UAE@XZ	NAFXCW.LIB	HIGH	fid-census:70a8d16f09bf:$NW/filefind.obj:89513cb973a2
0x150f57	?Close@CFileFind@@QAEXXZ	NAFXCW.LIB	HIGH	fid-census:70a8d16f09bf:$NW/filefind.obj:89513cb973a2
0x150fa1	?FindFile@CFileFind@@UAEHPBDK@Z	NAFXCW.LIB	HIGH	fid-census:70a8d16f09bf:$NW/filefind.obj:89513cb973a2
0x151087	?MatchesMask@CFileFind@@UBEHK@Z	NAFXCW.LIB	HIGH	fid-census:70a8d16f09bf:$NW/filefind.obj:89513cb973a2
0x1510a1	?GetLastAccessTime@CFileFind@@UBEHPAU_FILETIME@@@Z	NAFXCW.LIB	HIGH	fid-census:70a8d16f09bf:$NW/filefind.obj:89513cb973a2
0x1510c5	?GetLastWriteTime@CFileFind@@UBEHPAU_FILETIME@@@Z	NAFXCW.LIB	HIGH	fid-census:70a8d16f09bf:$NW/filefind.obj:89513cb973a2
0x1510e9	?GetCreationTime@CFileFind@@UBEHPAU_FILETIME@@@Z	NAFXCW.LIB	HIGH	fid-census:70a8d16f09bf:$NW/filefind.obj:89513cb973a2
0x15110d	?GetLastAccessTime@CFileFind@@UBEHAAVCTime@@@Z	NAFXCW.LIB	HIGH	fid-census:70a8d16f09bf:$NW/filefind.obj:89513cb973a2
0x151138	?GetLastWriteTime@CFileFind@@UBEHAAVCTime@@@Z	NAFXCW.LIB	HIGH	fid-census:70a8d16f09bf:$NW/filefind.obj:89513cb973a2
0x151163	?GetCreationTime@CFileFind@@UBEHAAVCTime@@@Z	NAFXCW.LIB	HIGH	fid-census:70a8d16f09bf:$NW/filefind.obj:89513cb973a2
0x15118e	?IsDots@CFileFind@@UBEHXZ	NAFXCW.LIB	HIGH	fid-census:70a8d16f09bf:$NW/filefind.obj:89513cb973a2
0x151201	?GetFileURL@CFileFind@@UBE?AVCString@@XZ	NAFXCW.LIB	HIGH	fid-census:70a8d16f09bf:$NW/filefind.obj:89513cb973a2
0x151295	?GetFilePath@CFileFind@@UBE?AVCString@@XZ	NAFXCW.LIB	HIGH	fid-census:70a8d16f09bf:$NW/filefind.obj:89513cb973a2
0x15132b	?GetFileTitle@CFileFind@@UBE?AVCString@@XZ	NAFXCW.LIB	HIGH	fid-census:70a8d16f09bf:$NW/filefind.obj:89513cb973a2
0x1513bc	?GetFileName@CFileFind@@UBE?AVCString@@XZ	NAFXCW.LIB	HIGH	fid-census:70a8d16f09bf:$NW/filefind.obj:89513cb973a2
0x15142d	?GetLength64@CFileFind@@QBE_JXZ	NAFXCW.LIB	HIGH	fid-census:70a8d16f09bf:$NW/filefind.obj:89513cb973a2
0x15151f	?BeginDrag@CDragListBox@@UAEHVCPoint@@@Z	NAFXCW.LIB	HIGH	fid-census:70a8d16f09bf:$NW/winctrl2.obj:2e619b4dca0e
0x151558	?Dragging@CDragListBox@@UAEIVCPoint@@@Z	NAFXCW.LIB	HIGH	fid-census:70a8d16f09bf:$NW/winctrl2.obj:2e619b4dca0e
0x1515a2	?Dropped@CDragListBox@@UAEXHVCPoint@@@Z	NAFXCW.LIB	HIGH	fid-census:70a8d16f09bf:$NW/winctrl2.obj:2e619b4dca0e
0x151681	?DrawInsert@CDragListBox@@UAEXH@Z	NAFXCW.LIB	HIGH	fid-census:70a8d16f09bf:$NW/winctrl2.obj:2e619b4dca0e
0x1516a6	?DrawSingle@CDragListBox@@QAEXH@Z	NAFXCW.LIB	HIGH	fid-census:70a8d16f09bf:$NW/winctrl2.obj:2e619b4dca0e
0x15179d	?OnChildNotify@CDragListBox@@MAEHIIJPAJ@Z	NAFXCW.LIB	HIGH	fid-census:70a8d16f09bf:$NW/winctrl2.obj:2e619b4dca0e
0x1518d0	?AddBitmap@CToolBarCtrl@@QAEHHPAVCBitmap@@@Z	NAFXCW.LIB	HIGH	fid-census:70a8d16f09bf:$NW/winctrl2.obj:2e619b4dca0e
0x151904	?AddBitmap@CToolBarCtrl@@QAEHHI@Z	NAFXCW.LIB	HIGH	fid-census:70a8d16f09bf:$NW/winctrl2.obj:2e619b4dca0e
0x15193b	?SaveState@CToolBarCtrl@@QAEXPAUHKEY__@@PBD1@Z	NAFXCW.LIB	HIGH	fid-census:70a8d16f09bf:$NW/winctrl2.obj:2e619b4dca0e
0x15196b	?RestoreState@CToolBarCtrl@@QAEXPAUHKEY__@@PBD1@Z	NAFXCW.LIB	HIGH	fid-census:70a8d16f09bf:$NW/winctrl2.obj:2e619b4dca0e
0x15199b	?AddString@CToolBarCtrl@@QAEHI@Z	NAFXCW.LIB	HIGH	fid-census:70a8d16f09bf:$NW/winctrl2.obj:2e619b4dca0e
0x1519c1	?OnCreate@CToolBarCtrl@@IAEHPAUtagCREATESTRUCTA@@@Z	NAFXCW.LIB	HIGH	fid-census:70a8d16f09bf:$NW/winctrl2.obj:2e619b4dca0e
0x151a5b	?GetText@CStatusBarCtrl@@QBEHPBDHPAH@Z	NAFXCW.LIB	HIGH	fid-census:70a8d16f09bf:$NW/winctrl2.obj:2e619b4dca0e
0x151a86	?GetText@CStatusBarCtrl@@QBE?AVCString@@HPAH@Z	NAFXCW.LIB	HIGH	fid-census:70a8d16f09bf:$NW/winctrl2.obj:2e619b4dca0e
0x151b25	?GetTextLength@CStatusBarCtrl@@QBEHHPAH@Z	NAFXCW.LIB	HIGH	fid-census:70a8d16f09bf:$NW/winctrl2.obj:2e619b4dca0e
0x151b4e	?GetBorders@CStatusBarCtrl@@QBEHAAH00@Z	NAFXCW.LIB	HIGH	fid-census:70a8d16f09bf:$NW/winctrl2.obj:2e619b4dca0e
0x151c30	?GetItemRect@CListCtrl@@QBEHHPAUtagRECT@@I@Z	NAFXCW.LIB	HIGH	fid-census:70a8d16f09bf:$NW/winctrl2.obj:2e619b4dca0e
0x151c50	?InsertColumn@CListCtrl@@QAEHHPBDHHH@Z	NAFXCW.LIB	HIGH	fid-census:70a8d16f09bf:$NW/winctrl2.obj:2e619b4dca0e
0x151ca3	?InsertItem@CListCtrl@@QAEHIHPBDIIHJ@Z	NAFXCW.LIB	HIGH	fid-census:70a8d16f09bf:$NW/winctrl2.obj:2e619b4dca0e
0x151cef	?HitTest@CListCtrl@@QBEHVCPoint@@PAI@Z	NAFXCW.LIB	HIGH	fid-census:70a8d16f09bf:$NW/winctrl2.obj:2e619b4dca0e
0x151e18	?GetItemText@CListCtrl@@QBEHHHPADH@Z	NAFXCW.LIB	HIGH	fid-census:70a8d16f09bf:$NW/winctrl2.obj:2e619b4dca0e
0x151e5d	?GetItemData@CListCtrl@@QBEKH@Z	NAFXCW.LIB	HIGH	fid-census:70a8d16f09bf:$NW/winctrl2.obj:2e619b4dca0e
0x151f2e	?CreateDragImage@CListCtrl@@QAEPAVCImageList@@HPAUtagPOINT@@@Z	NAFXCW.LIB	HIGH	fid-census:70a8d16f09bf:$NW/winctrl2.obj:2e619b4dca0e
0x15200a	?GetItemRect@CTreeCtrl@@QBEHPAU_TREEITEM@@PAUtagRECT@@H@Z	NAFXCW.LIB	HIGH	fid-census:70a8d16f09bf:$NW/winctrl2.obj:2e619b4dca0e
0x15202a	?GetItemText@CTreeCtrl@@QBE?AVCString@@PAU_TREEITEM@@@Z	NAFXCW.LIB	HIGH	fid-census:70a8d16f09bf:$NW/winctrl2.obj:2e619b4dca0e
0x1520ca	?GetItemImage@CTreeCtrl@@QBEHPAU_TREEITEM@@AAH1@Z	NAFXCW.LIB	HIGH	fid-census:70a8d16f09bf:$NW/winctrl2.obj:2e619b4dca0e
0x152109	?GetItemState@CTreeCtrl@@QBEIPAU_TREEITEM@@I@Z	NAFXCW.LIB	HIGH	fid-census:70a8d16f09bf:$NW/winctrl2.obj:2e619b4dca0e
0x152141	?GetItemData@CTreeCtrl@@QBEKPAU_TREEITEM@@@Z	NAFXCW.LIB	HIGH	fid-census:70a8d16f09bf:$NW/winctrl2.obj:2e619b4dca0e
0x15216f	?ItemHasChildren@CTreeCtrl@@QBEHPAU_TREEITEM@@@Z	NAFXCW.LIB	HIGH	fid-census:70a8d16f09bf:$NW/winctrl2.obj:2e619b4dca0e
0x15219d	?SetItem@CTreeCtrl@@QAEHPAU_TREEITEM@@IPBDHHIIJ@Z	NAFXCW.LIB	HIGH	fid-census:70a8d16f09bf:$NW/winctrl2.obj:2e619b4dca0e
0x1521eb	?InsertItem@CTreeCtrl@@QAEPAU_TREEITEM@@IPBDHHIIJPAU2@1@Z	NAFXCW.LIB	HIGH	fid-census:70a8d16f09bf:$NW/winctrl2.obj:2e619b4dca0e
0x15223f	?HitTest@CTreeCtrl@@QBEPAU_TREEITEM@@VCPoint@@PAI@Z	NAFXCW.LIB	HIGH	fid-census:70a8d16f09bf:$NW/winctrl2.obj:2e619b4dca0e
0x1522ca	?CreateDragImage@CTreeCtrl@@QAEPAVCImageList@@PAU_TREEITEM@@@Z	NAFXCW.LIB	HIGH	fid-census:70a8d16f09bf:$NW/winctrl2.obj:2e619b4dca0e
0x15239e	?GetRange@CSpinButtonCtrl@@QBEXAAH0@Z	NAFXCW.LIB	HIGH	fid-census:70a8d16f09bf:$NW/winctrl2.obj:2e619b4dca0e
0x15243b	?GetRange@CSliderCtrl@@QBEXAAH0@Z	NAFXCW.LIB	HIGH	fid-census:70a8d16f09bf:$NW/winctrl2.obj:2e619b4dca0e
0x152472	?SetRange@CSliderCtrl@@QAEXHHH@Z	NAFXCW.LIB	HIGH	fid-census:70a8d16f09bf:$NW/winctrl2.obj:2e619b4dca0e
0x1524a5	?GetSelection@CSliderCtrl@@QBEXAAH0@Z	NAFXCW.LIB	HIGH	fid-census:70a8d16f09bf:$NW/winctrl2.obj:2e619b4dca0e
0x1524dc	?SetSelection@CSliderCtrl@@QAEXHH@Z	NAFXCW.LIB	HIGH	fid-census:70a8d16f09bf:$NW/winctrl2.obj:2e619b4dca0e
0x15268f	?GetHotKey@CHotKeyCtrl@@QBEXAAG0@Z	NAFXCW.LIB	HIGH	fid-census:70a8d16f09bf:$NW/winctrl2.obj:2e619b4dca0e
0x152766	?OnDestroy@CTabCtrl@@IAEXXZ	NAFXCW.LIB	HIGH	fid-census:70a8d16f09bf:$NW/winctrl2.obj:2e619b4dca0e
0x1528cf	?afxMapHIMAGELIST@@YAPAVCHandleMap@@H@Z	NAFXCW.LIB	HIGH	fid-census:70a8d16f09bf:$NW/winctrl2.obj:2e619b4dca0e
0x15299b	?Create@CImageList@@QAEHHHIHH@Z	NAFXCW.LIB	HIGH	fid-census:70a8d16f09bf:$NW/winctrl2.obj:2e619b4dca0e
0x152a27	?Create@CImageList@@QAEHAAV1@H0HHH@Z	NAFXCW.LIB	HIGH	fid-census:70a8d16f09bf:$NW/winctrl2.obj:2e619b4dca0e
0x152a85	?Read@CImageList@@QAEHPAVCArchive@@@Z	NAFXCW.LIB	HIGH	fid-census:70a8d16f09bf:$NW/winctrl2.obj:2e619b4dca0e
0x152ab2	?Write@CImageList@@QAEHPAVCArchive@@@Z	NAFXCW.LIB	HIGH	fid-census:70a8d16f09bf:$NW/winctrl2.obj:2e619b4dca0e
0x152ad6	?GetCurSel@CListBox@@QBEHXZ	NAFXCW.LIB	HIGH	fid-census:70a8d16f09bf:$NW/winctrl2.obj:2e619b4dca0e
0x152c5b	??0CToolTipCtrl@@QAE@XZ	NAFXCW.LIB	HIGH	fid-census:70a8d16f09bf:$NW/tooltip.obj:3296924c97b0
0x152cb0	?Create@CToolTipCtrl@@QAEHPAVCWnd@@K@Z	NAFXCW.LIB	HIGH	fid-census:70a8d16f09bf:$NW/tooltip.obj:3296924c97b0
0x152cfb	??1CToolTipCtrl@@UAE@XZ	NAFXCW.LIB	HIGH	fid-census:70a8d16f09bf:$NW/tooltip.obj:3296924c97b0
0x152d42	?DestroyToolTipCtrl@CToolTipCtrl@@QAEHXZ	NAFXCW.LIB	HIGH	fid-census:70a8d16f09bf:$NW/tooltip.obj:3296924c97b0
0x152d5c	?OnAddTool@CToolTipCtrl@@IAEJIJ@Z	NAFXCW.LIB	HIGH	fid-census:70a8d16f09bf:$NW/tooltip.obj:3296924c97b0
0x152dd0	?OnDisableModal@CToolTipCtrl@@IAEJIJ@Z	NAFXCW.LIB	HIGH	fid-census:70a8d16f09bf:$NW/tooltip.obj:3296924c97b0
0x152de7	?OnWindowFromPoint@CToolTipCtrl@@IAEJIJ@Z	NAFXCW.LIB	HIGH	fid-census:70a8d16f09bf:$NW/tooltip.obj:3296924c97b0
0x152e5a	?AddTool@CToolTipCtrl@@QAEHPAVCWnd@@PBDPBUtagRECT@@I@Z	NAFXCW.LIB	HIGH	fid-census:70a8d16f09bf:$NW/tooltip.obj:3296924c97b0
0x152ea8	?AddTool@CToolTipCtrl@@QAEHPAVCWnd@@IPBUtagRECT@@I@Z	NAFXCW.LIB	HIGH	fid-census:70a8d16f09bf:$NW/tooltip.obj:3296924c97b0
0x152f02	?DelTool@CToolTipCtrl@@QAEXPAVCWnd@@I@Z	NAFXCW.LIB	HIGH	fid-census:70a8d16f09bf:$NW/tooltip.obj:3296924c97b0
0x152f33	?GetText@CToolTipCtrl@@QBEXAAVCString@@PAVCWnd@@I@Z	NAFXCW.LIB	HIGH	fid-census:70a8d16f09bf:$NW/tooltip.obj:3296924c97b0
0x152f7e	?GetToolInfo@CToolTipCtrl@@QBEHAAVCToolInfo@@PAVCWnd@@I@Z	NAFXCW.LIB	HIGH	fid-census:70a8d16f09bf:$NW/tooltip.obj:3296924c97b0
0x152fb0	?HitTest@CToolTipCtrl@@QBEHPAVCWnd@@VCPoint@@PAUtagTOOLINFOA@@@Z	NAFXCW.LIB	HIGH	fid-census:70a8d16f09bf:$NW/tooltip.obj:3296924c97b0
0x153023	?SetToolRect@CToolTipCtrl@@QAEXPAVCWnd@@IPBUtagRECT@@@Z	NAFXCW.LIB	HIGH	fid-census:70a8d16f09bf:$NW/tooltip.obj:3296924c97b0
0x1530ec	?FillInToolInfo@CToolTipCtrl@@QBEXAAUtagTOOLINFOA@@PAVCWnd@@I@Z	NAFXCW.LIB	HIGH	fid-census:70a8d16f09bf:$NW/tooltip.obj:3296924c97b0
0x153141	?EnableToolTips@CWnd@@QAEHH@Z	NAFXCW.LIB	HIGH	fid-census:70a8d16f09bf:$NW/tooltip.obj:3296924c97b0
0x1531df	?_FilterToolTipMessage@CWnd@@SGXPAUtagMSG@@PAV1@@Z	NAFXCW.LIB	HIGH	fid-census:70a8d16f09bf:$NW/tooltip.obj:3296924c97b0
0x1531ef	?FilterToolTipMessage@CWnd@@QAEXPAUtagMSG@@@Z	NAFXCW.LIB	HIGH	fid-census:70a8d16f09bf:$NW/tooltip.obj:3296924c97b0
0x153671	?QueryInterface@CArchiveStream@@UAGJABU_GUID@@PAPAX@Z	NAFXCW.LIB	HIGH	fid-census:70a8d16f09bf:$NW/arcstrm.obj:6d04e5ac710c
0x1536b5	?Read@CArchiveStream@@UAGJPAXKPAK@Z	NAFXCW.LIB	HIGH	fid-census:70a8d16f09bf:$NW/arcstrm.obj:6d04e5ac710c
0x15370d	?Write@CArchiveStream@@UAGJPBXKPAK@Z	NAFXCW.LIB	HIGH	fid-census:70a8d16f09bf:$NW/arcstrm.obj:6d04e5ac710c
0x153766	?Seek@CArchiveStream@@UAGJT_LARGE_INTEGER@@KPAT_ULARGE_INTEGER@@@Z	NAFXCW.LIB	HIGH	fid-census:70a8d16f09bf:$NW/arcstrm.obj:6d04e5ac710c
0x153840	?_JumpToContinuation@@YGXPAXPAUEHRegistrationNode@@@Z	LIBCMT.LIB	HIGH	fid-census:1f18290e7cc8:build/intel/mt_obj/trnsctrl.obj:6ae205fd02ce
0x1538b0	?_UnwindNestedFrames@@YGXPAUEHRegistrationNode@@PAUEHExceptionRecord@@@Z	LIBCMT.LIB	HIGH	fid-census:1f18290e7cc8:build/intel/mt_obj/trnsctrl.obj:6ae205fd02ce
0x153910	___CxxFrameHandler	LIBCMT.LIB	HIGH	fid-census:1f18290e7cc8:build/intel/mt_obj/trnsctrl.obj:6ae205fd02ce
0x153950	___CxxLongjmpUnwind@4	LIBCMT.LIB	HIGH	fid-census:1f18290e7cc8:build/intel/mt_obj/trnsctrl.obj:6ae205fd02ce
0x153970	?_CallCatchBlock2@@YAPAXPAUEHRegistrationNode@@PBU_s_FuncInfo@@PAXHK@Z	LIBCMT.LIB	HIGH	fid-census:1f18290e7cc8:build/intel/mt_obj/trnsctrl.obj:6ae205fd02ce
0x1539d0	?CatchGuardHandler@@YA?AW4_EXCEPTION_DISPOSITION@@PAUEHExceptionRecord@@PAUCatchGuardRN@@PAX2@Z	LIBCMT.LIB	HIGH	fid-census:1f18290e7cc8:build/intel/mt_obj/trnsctrl.obj:6ae205fd02ce
0x153a00	?_CallSETranslator@@YAHPAUEHExceptionRecord@@PAUEHRegistrationNode@@PAX2PBU_s_FuncInfo@@H1@Z	LIBCMT.LIB	HIGH	fid-census:1f18290e7cc8:build/intel/mt_obj/trnsctrl.obj:6ae205fd02ce
0x153ad0	?TranslatorGuardHandler@@YA?AW4_EXCEPTION_DISPOSITION@@PAUEHExceptionRecord@@PAUTranslatorGuardRN@@PAX2@Z	LIBCMT.LIB	HIGH	fid-census:1f18290e7cc8:build/intel/mt_obj/trnsctrl.obj:6ae205fd02ce
0x153b60	?_GetRangeOfTrysToCheck@@YAPBU_s_TryBlockMapEntry@@PBU_s_FuncInfo@@HHPAI1@Z	LIBCMT.LIB	HIGH	fid-census:1f18290e7cc8:build/intel/mt_obj/trnsctrl.obj:6ae205fd02ce
0x153c22	__local_unwind2	LIBCMT.LIB	HIGH	fid-census:1f18290e7cc8:build/intel/mt_obj/exsup.obj:7b9290090af6
0x153c8a	__abnormal_termination	LIBCMT.LIB	HIGH	fid-census:1f18290e7cc8:build/intel/mt_obj/exsup.obj:7b9290090af6
0x153cb6	__NLG_Notify	LIBCMT.LIB	HIGH	fid-census:1f18290e7cc8:build/intel/mt_obj/exsup.obj:7b9290090af6
0x153cd0	__mbscmp	LIBCMT.LIB	HIGH	fid-census:1f18290e7cc8:build/intel/mt_obj/mbscmp.obj:f409af37271b
0x153dd0	__onexit	LIBCMT.LIB	HIGH	fid-census:1f18290e7cc8:build/intel/mt_obj/onexit.obj:207d90bc2ea1
0x153e60	_atexit	LIBCMT.LIB	HIGH	fid-census:1f18290e7cc8:build/intel/mt_obj/onexit.obj:207d90bc2ea1
0x153e80	___onexitinit	LIBCMT.LIB	HIGH	fid-census:1f18290e7cc8:build/intel/mt_obj/onexit.obj:207d90bc2ea1
0x154200	_memset	LIBCMT.LIB	HIGH	fid-census:1f18290e7cc8:build/intel/mt_obj/memset.obj:cc6ac83ae587
0x154290	__cfltcvt_init	LIBCMT.LIB	HIGH	fid-census:1f18290e7cc8:../build/intel/mt_obj/fpinit.obj:22582d9d8431
0x1542e0	_malloc	LIBCMT.LIB	HIGH	fid-census:1f18290e7cc8:build/intel/mt_obj/malloc.obj:da11867f49cc
0x154300	__nh_malloc	LIBCMT.LIB	HIGH	fid-census:1f18290e7cc8:build/intel/mt_obj/malloc.obj:da11867f49cc
0x154350	__heap_alloc	LIBCMT.LIB	HIGH	fid-census:1f18290e7cc8:build/intel/mt_obj/malloc.obj:da11867f49cc
0x1543b0	_free	LIBCMT.LIB	HIGH	fid-census:1f18290e7cc8:build/intel/mt_obj/free.obj:c9f8b56f003e
0x1544dc	__ftol	LIBCMT.LIB	HIGH	fid-census:1f18290e7cc8:../build/intel/mt_obj/ftol.obj:8365a5754d15
0x154520	_sprintf	LIBCMT.LIB	HIGH	fid-census:1f18290e7cc8:build/intel/mt_obj/sprintf.obj:e952305a1823
0x154740	_strncpy	LIBCMT.LIB	HIGH	fid-census:1f18290e7cc8:build/intel/mt_obj/strncpy.obj:6818a99e9684
0x154870	_strcmp	LIBCMT.LIB	HIGH	fid-census:1f18290e7cc8:build/intel/mt_obj/strcmp.obj:8c1f32f52c93
0x154900	_strstr	LIBCMT.LIB	HIGH	fid-census:1f18290e7cc8:build/intel/mt_obj/strstr.obj:eaad7fe63a68
0x1549b0	_rand	LIBCMT.LIB	HIGH	fid-census:1f18290e7cc8:build/intel/mt_obj/rand.obj:3b6f5649b130
0x1549e0	_strlen	LIBCMT.LIB	HIGH	fid-census:1f18290e7cc8:build/intel/mt_obj/strlen.obj:5ec236c34c4c
0x154b10	?__ArrayUnwind@@YGXPAXIHP6EX0@Z@Z	LIBCMT.LIB	HIGH	fid-census:1f18290e7cc8:build/intel/mt_obj/ehvecdtr.obj:73e3eed9d319
0x154c40	__itoa	LIBCMT.LIB	HIGH	fid-census:1f18290e7cc8:build/intel/mt_obj/xtoa.obj:000376ce2eeb
0x154c80	_xtoa	LIBCMT.LIB	HIGH	fid-census:1f18290e7cc8:build/intel/mt_obj/xtoa.obj:000376ce2eeb
0x154cf0	__ltoa	LIBCMT.LIB	HIGH	fid-census:1f18290e7cc8:build/intel/mt_obj/xtoa.obj:000376ce2eeb
0x154d40	__ultoa	LIBCMT.LIB	HIGH	fid-census:1f18290e7cc8:build/intel/mt_obj/xtoa.obj:000376ce2eeb
0x154d60	__i64toa	LIBCMT.LIB	HIGH	fid-census:1f18290e7cc8:build/intel/mt_obj/xtoa.obj:000376ce2eeb
0x154db0	_x64toa@20	LIBCMT.LIB	HIGH	fid-census:1f18290e7cc8:build/intel/mt_obj/xtoa.obj:000376ce2eeb
0x154e40	__ui64toa	LIBCMT.LIB	HIGH	fid-census:1f18290e7cc8:build/intel/mt_obj/xtoa.obj:000376ce2eeb
0x154e60	_qsort	LIBCMT.LIB	HIGH	fid-census:1f18290e7cc8:build/intel/mt_obj/qsort.obj:2acdc424276e
0x155010	_shortsort	LIBCMT.LIB	HIGH	fid-census:1f18290e7cc8:build/intel/mt_obj/qsort.obj:2acdc424276e
0x155070	_swap	LIBCMT.LIB	HIGH	fid-census:1f18290e7cc8:build/intel/mt_obj/qsort.obj:2acdc424276e
0x1550a0	_fclose	LIBCMT.LIB	HIGH	fid-census:1f18290e7cc8:build/intel/mt_obj/fclose.obj:039c10860224
0x1550e0	__fclose_lk	LIBCMT.LIB	HIGH	fid-census:1f18290e7cc8:build/intel/mt_obj/fclose.obj:039c10860224
0x155150	_fseek	LIBCMT.LIB	HIGH	fid-census:1f18290e7cc8:build/intel/mt_obj/fseek.obj:aa67e7da30db
0x155190	__fseek_lk	LIBCMT.LIB	HIGH	fid-census:1f18290e7cc8:build/intel/mt_obj/fseek.obj:aa67e7da30db
0x155270	__fread_lk	LIBCMT.LIB	HIGH	fid-census:1f18290e7cc8:build/intel/mt_obj/fread.obj:82145c04d816
0x155410	_sscanf	LIBCMT.LIB	HIGH	fid-census:1f18290e7cc8:build/intel/mt_obj/sscanf.obj:8704b39c06f6
0x1557b0	_isalpha	LIBCMT.LIB	HIGH	fid-census:1f18290e7cc8:build/intel/mt_obj/_ctype.obj:299fc1d7f5e4
0x1557e0	_isupper	LIBCMT.LIB	HIGH	fid-census:1f18290e7cc8:build/intel/mt_obj/_ctype.obj:299fc1d7f5e4
0x155810	_islower	LIBCMT.LIB	HIGH	fid-census:1f18290e7cc8:build/intel/mt_obj/_ctype.obj:299fc1d7f5e4
0x155840	_isdigit	LIBCMT.LIB	HIGH	fid-census:1f18290e7cc8:build/intel/mt_obj/_ctype.obj:299fc1d7f5e4
0x155870	_isxdigit	LIBCMT.LIB	HIGH	fid-census:1f18290e7cc8:build/intel/mt_obj/_ctype.obj:299fc1d7f5e4
0x1558a0	_isspace	LIBCMT.LIB	HIGH	fid-census:1f18290e7cc8:build/intel/mt_obj/_ctype.obj:299fc1d7f5e4
0x1558d0	_ispunct	LIBCMT.LIB	HIGH	fid-census:1f18290e7cc8:build/intel/mt_obj/_ctype.obj:299fc1d7f5e4
0x155900	_isalnum	LIBCMT.LIB	HIGH	fid-census:1f18290e7cc8:build/intel/mt_obj/_ctype.obj:299fc1d7f5e4
0x155930	_isprint	LIBCMT.LIB	HIGH	fid-census:1f18290e7cc8:build/intel/mt_obj/_ctype.obj:299fc1d7f5e4
0x155960	_isgraph	LIBCMT.LIB	HIGH	fid-census:1f18290e7cc8:build/intel/mt_obj/_ctype.obj:299fc1d7f5e4
0x155990	_iscntrl	LIBCMT.LIB	HIGH	fid-census:1f18290e7cc8:build/intel/mt_obj/_ctype.obj:299fc1d7f5e4
0x1559e0	___iscsymf	LIBCMT.LIB	HIGH	fid-census:1f18290e7cc8:build/intel/mt_obj/_ctype.obj:299fc1d7f5e4
0x155a30	___iscsym	LIBCMT.LIB	HIGH	fid-census:1f18290e7cc8:build/intel/mt_obj/_ctype.obj:299fc1d7f5e4
0x155a80	_atol	LIBCMT.LIB	HIGH	fid-census:1f18290e7cc8:build/intel/mt_obj/atox.obj:6041edc5f9a4
0x155b30	__atoi64	LIBCMT.LIB	HIGH	fid-census:1f18290e7cc8:build/intel/mt_obj/atox.obj:6041edc5f9a4
0x155c10	_strchr	LIBCMT.LIB	HIGH	fid-census:1f18290e7cc8:build/intel/mt_obj/strchr.obj:2585ea7a10ed
0x155cd0	__stricmp	LIBCMT.LIB	HIGH	fid-census:1f18290e7cc8:build/intel/mt_obj/stricmp.obj:5e002810ed95
0x155da0	??1type_info@@UAE@XZ	LIBCMT.LIB	HIGH	fid-census:1f18290e7cc8:build/intel/mt_obj/typinfo.obj:9e10c9671200
0x155df0	??8type_info@@QBEHABV0@@Z	LIBCMT.LIB	HIGH	fid-census:1f18290e7cc8:build/intel/mt_obj/typinfo.obj:9e10c9671200
0x155e50	??9type_info@@QBEHABV0@@Z	LIBCMT.LIB	HIGH	fid-census:1f18290e7cc8:build/intel/mt_obj/typinfo.obj:9e10c9671200
0x155eb0	?before@type_info@@QBEHABV1@@Z	LIBCMT.LIB	HIGH	fid-census:1f18290e7cc8:build/intel/mt_obj/typinfo.obj:9e10c9671200
0x156160	_memcmp	LIBCMT.LIB	HIGH	fid-census:1f18290e7cc8:build/intel/mt_obj/memcmp.obj:d60bcaf70b69
0x156220	_tolower	LIBCMT.LIB	HIGH	fid-census:1f18290e7cc8:build/intel/mt_obj/tolower.obj:1fbc8ee88992
0x1562b0	__tolower_lk	LIBCMT.LIB	HIGH	fid-census:1f18290e7cc8:build/intel/mt_obj/tolower.obj:1fbc8ee88992
0x1563b0	_strrchr	LIBCMT.LIB	HIGH	fid-census:1f18290e7cc8:build/intel/mt_obj/strrchr.obj:fc0a0651c40f
0x1563e0	__CxxThrowException@8	LIBCMT.LIB	HIGH	fid-census:1f18290e7cc8:build/intel/mt_obj/throw.obj:6d951deef273
0x156430	_abort	LIBCMT.LIB	HIGH	fid-census:1f18290e7cc8:build/intel/mt_obj/abort.obj:4d53ecebbdf4
0x156490	_fgets	LIBCMT.LIB	HIGH	fid-census:1f18290e7cc8:build/intel/mt_obj/fgets.obj:e1e87f332bd9
0x156520	__hypot	LIBCMT.LIB	HIGH	fid-census:1f18290e7cc8:../build/intel/mt_obj/hypot.obj:53496055e655
0x156540	__cabs	LIBCMT.LIB	HIGH	fid-census:1f18290e7cc8:../build/intel/mt_obj/hypot.obj:53496055e655
0x156560	__hypothlp	LIBCMT.LIB	HIGH	fid-census:1f18290e7cc8:../build/intel/mt_obj/hypot.obj:53496055e655
0x156950	_WinMainCRTStartup	LIBCMT.LIB	HIGH	fid-census:1f18290e7cc8:build/intel/mt_obj/wincrt0.obj:3520b80e0826
0x156b60	_memchr	LIBCMT.LIB	HIGH	fid-census:1f18290e7cc8:build/intel/mt_obj/memchr.obj:02f9a9bbe5a0
0x156c10	_realloc	LIBCMT.LIB	HIGH	fid-census:1f18290e7cc8:build/intel/mt_obj/realloc.obj:264561413915
0x156dc0	_atof	LIBCMT.LIB	HIGH	fid-census:1f18290e7cc8:build/intel/mt_obj/atof.obj:aa02a4575fbc
0x156e80	_strncat	LIBCMT.LIB	HIGH	fid-census:1f18290e7cc8:build/intel/mt_obj/strncat.obj:5d2f767e2fec
0x156fb0	__strnicmp	LIBCMT.LIB	HIGH	fid-census:1f18290e7cc8:build/intel/mt_obj/strnicmp.obj:8204fb2d5144
0x1570c0	_bsearch	LIBCMT.LIB	HIGH	fid-census:1f18290e7cc8:build/intel/mt_obj/bsearch.obj:da4da2bf4390
0x157160	__beginthread	LIBCMT.LIB	HIGH	fid-census:1f18290e7cc8:build/intel/mt_obj/thread.obj:19ce91685bfe
0x1571e0	__threadstart@4	LIBCMT.LIB	HIGH	fid-census:1f18290e7cc8:build/intel/mt_obj/thread.obj:19ce91685bfe
0x157290	__endthread	LIBCMT.LIB	HIGH	fid-census:1f18290e7cc8:build/intel/mt_obj/thread.obj:19ce91685bfe
0x1574e0	_time	LIBCMT.LIB	HIGH	fid-census:1f18290e7cc8:build/intel/mt_obj/time.obj:130b91fe1d77
0x157610	__alldiv	LIBCMT.LIB	HIGH	fid-census:1f18290e7cc8:build/intel/mt_obj/lldiv.obj:52a418f6e84c
0x1576c0	__allmul	LIBCMT.LIB	HIGH	fid-census:1f18290e7cc8:build/intel/mt_obj/llmul.obj:31b15ddb532b
0x157770	_toupper	LIBCMT.LIB	HIGH	fid-census:1f18290e7cc8:build/intel/mt_obj/toupper.obj:76f143fbc488
0x157800	__toupper_lk	LIBCMT.LIB	HIGH	fid-census:1f18290e7cc8:build/intel/mt_obj/toupper.obj:76f143fbc488
0x157900	__EH_prolog	LIBCMT.LIB	HIGH	fid-census:1f18290e7cc8:build/intel/mt_obj/ehprolog.obj:405cd5629b7e
0x157920	_wcslen	LIBCMT.LIB	HIGH	fid-census:1f18290e7cc8:build/intel/mt_obj/wcslen.obj:4eea6e1b99f2
0x157940	__mbschr	LIBCMT.LIB	HIGH	fid-census:1f18290e7cc8:build/intel/mt_obj/mbschr.obj:1fda9fbbbd0c
0x157a10	__mbspbrk	LIBCMT.LIB	HIGH	fid-census:1f18290e7cc8:build/intel/mt_obj/mbspbrk.obj:13051edd3e59
0x157ac0	__mbsupr	LIBCMT.LIB	HIGH	fid-census:1f18290e7cc8:build/intel/mt_obj/mbsupr.obj:81f3dfce4273
0x157b70	__mbslwr	LIBCMT.LIB	HIGH	fid-census:1f18290e7cc8:build/intel/mt_obj/mbslwr.obj:0a6780d438ea
0x157c20	__mbsrev	LIBCMT.LIB	HIGH	fid-census:1f18290e7cc8:build/intel/mt_obj/mbsrev.obj:2d6b4ab40c6f
0x157ca0	__beginthreadex	LIBCMT.LIB	HIGH	fid-census:1f18290e7cc8:build/intel/mt_obj/threadex.obj:fcbca8f36a49
0x157d20	__threadstartex@4	LIBCMT.LIB	HIGH	fid-census:1f18290e7cc8:build/intel/mt_obj/threadex.obj:fcbca8f36a49
0x157dd0	__endthreadex	LIBCMT.LIB	HIGH	fid-census:1f18290e7cc8:build/intel/mt_obj/threadex.obj:fcbca8f36a49
0x157e10	__mbsspn	LIBCMT.LIB	HIGH	fid-census:1f18290e7cc8:build/intel/mt_obj/mbsspn.obj:bd40d843229c
0x157ec0	__mbscspn	LIBCMT.LIB	HIGH	fid-census:1f18290e7cc8:build/intel/mt_obj/mbscspn.obj:8057f2dab140
0x157f70	__mbsrchr	LIBCMT.LIB	HIGH	fid-census:1f18290e7cc8:build/intel/mt_obj/mbsrchr.obj:71c1c100a640
0x158000	__mbsstr	LIBCMT.LIB	HIGH	fid-census:1f18290e7cc8:build/intel/mt_obj/mbsstr.obj:924265e026ff
0x1580a0	_vsprintf	LIBCMT.LIB	HIGH	fid-census:1f18290e7cc8:build/intel/mt_obj/vsprintf.obj:81a4a704a2d1
0x158110	__mbclen	LIBCMT.LIB	HIGH	fid-census:1f18290e7cc8:build/intel/mt_obj/mbclen.obj:911d2320ff5e
0x158130	__ismbcdigit	LIBCMT.LIB	HIGH	fid-census:1f18290e7cc8:build/intel/mt_obj/ismbdgt.obj:0c0655c91676
0x1581d0	__mbsinc	LIBCMT.LIB	HIGH	fid-census:1f18290e7cc8:build/intel/mt_obj/mbsinc.obj:363d3be16c42
0x1581f0	__ismbcspace	LIBCMT.LIB	HIGH	fid-census:1f18290e7cc8:build/intel/mt_obj/ismbspc.obj:88ae22874744
0x1582e0	__cinit	LIBCMT.LIB	HIGH	fid-census:1f18290e7cc8:build/intel/mt_obj/crt0dat.obj:e25cdf65fa09
0x158310	_exit	LIBCMT.LIB	HIGH	fid-census:1f18290e7cc8:build/intel/mt_obj/crt0dat.obj:e25cdf65fa09
0x158330	__exit	LIBCMT.LIB	HIGH	fid-census:1f18290e7cc8:build/intel/mt_obj/crt0dat.obj:e25cdf65fa09
0x158370	_doexit	LIBCMT.LIB	HIGH	fid-census:1f18290e7cc8:build/intel/mt_obj/crt0dat.obj:e25cdf65fa09
0x158450	__initterm	LIBCMT.LIB	HIGH	fid-census:1f18290e7cc8:build/intel/mt_obj/crt0dat.obj:e25cdf65fa09
0x158470	__fullpath	LIBCMT.LIB	HIGH	fid-census:1f18290e7cc8:build/intel/mt_obj/fullpath.obj:519fd2ed386e
0x158540	__splitpath	LIBCMT.LIB	HIGH	fid-census:1f18290e7cc8:build/intel/mt_obj/splitpat.obj:3fe848287d97
0x1586c0	__dosmaperr	LIBCMT.LIB	HIGH	fid-census:1f18290e7cc8:build/intel/mt_obj/dosmap.obj:7b4e29399512
0x158760	__alloc_osfhnd	LIBCMT.LIB	HIGH	fid-census:1f18290e7cc8:build/intel/mt_obj/osfinfo.obj:8d43f00110e0
0x1588d0	__set_osfhnd	LIBCMT.LIB	HIGH	fid-census:1f18290e7cc8:build/intel/mt_obj/osfinfo.obj:8d43f00110e0
0x158980	__free_osfhnd	LIBCMT.LIB	HIGH	fid-census:1f18290e7cc8:build/intel/mt_obj/osfinfo.obj:8d43f00110e0
0x158a20	__get_osfhandle	LIBCMT.LIB	HIGH	fid-census:1f18290e7cc8:build/intel/mt_obj/osfinfo.obj:8d43f00110e0
0x158a70	__open_osfhandle	LIBCMT.LIB	HIGH	fid-census:1f18290e7cc8:build/intel/mt_obj/osfinfo.obj:8d43f00110e0
0x158b20	__lock_fhandle	LIBCMT.LIB	HIGH	fid-census:1f18290e7cc8:build/intel/mt_obj/osfinfo.obj:8d43f00110e0
0x158b90	__unlock_fhandle	LIBCMT.LIB	HIGH	fid-census:1f18290e7cc8:build/intel/mt_obj/osfinfo.obj:8d43f00110e0
0x158bc0	__fdopen	LIBCMT.LIB	HIGH	fid-census:1f18290e7cc8:build/intel/mt_obj/fdopen.obj:37bc90c7be44
0x158d50	_clearerr	LIBCMT.LIB	HIGH	fid-census:1f18290e7cc8:build/intel/mt_obj/clearerr.obj:df531b7f37aa
0x158df0	__fwrite_lk	LIBCMT.LIB	HIGH	fid-census:1f18290e7cc8:build/intel/mt_obj/fwrite.obj:007a1ef39015
0x158f40	_fputs	LIBCMT.LIB	HIGH	fid-census:1f18290e7cc8:build/intel/mt_obj/fputs.obj:2f7f1a26edeb
0x158fa0	_ftell	LIBCMT.LIB	HIGH	fid-census:1f18290e7cc8:build/intel/mt_obj/ftell.obj:e185f574f009
0x158fd0	__ftell_lk	LIBCMT.LIB	HIGH	fid-census:1f18290e7cc8:build/intel/mt_obj/ftell.obj:e185f574f009
0x159180	_fflush	LIBCMT.LIB	HIGH	fid-census:1f18290e7cc8:build/intel/mt_obj/fflush.obj:34e64cd993d5
0x1591c0	__fflush_lk	LIBCMT.LIB	HIGH	fid-census:1f18290e7cc8:build/intel/mt_obj/fflush.obj:34e64cd993d5
0x159200	__flush	LIBCMT.LIB	HIGH	fid-census:1f18290e7cc8:build/intel/mt_obj/fflush.obj:34e64cd993d5
0x159280	_flsall	LIBCMT.LIB	HIGH	fid-census:1f18290e7cc8:build/intel/mt_obj/fflush.obj:34e64cd993d5
0x159340	__msize	LIBCMT.LIB	HIGH	fid-census:1f18290e7cc8:build/intel/mt_obj/msize.obj:59c4b7a583c4
0x1593b0	__expand	LIBCMT.LIB	HIGH	fid-census:1f18290e7cc8:build/intel/mt_obj/expand.obj:26fc4f71bd5d
0x159460	__setmbcp	LIBCMT.LIB	HIGH	fid-census:1f18290e7cc8:build/intel/mt_obj/mbctype.obj:7cde253a66c8
0x159680	_getSystemCP	LIBCMT.LIB	HIGH	fid-census:1f18290e7cc8:build/intel/mt_obj/mbctype.obj:7cde253a66c8
0x1596d0	_CPtoLCID	LIBCMT.LIB	HIGH	fid-census:1f18290e7cc8:build/intel/mt_obj/mbctype.obj:7cde253a66c8
0x159730	_setSBCS	LIBCMT.LIB	HIGH	fid-census:1f18290e7cc8:build/intel/mt_obj/mbctype.obj:7cde253a66c8
0x159760	_setSBUpLow	LIBCMT.LIB	HIGH	fid-census:1f18290e7cc8:build/intel/mt_obj/mbctype.obj:7cde253a66c8
0x159980	_strtoxl	LIBCMT.LIB	HIGH	fid-census:1f18290e7cc8:build/intel/mt_obj/strtol.obj:2c130dd92d93
0x159c40	__mkgmtime	LIBCMT.LIB	HIGH	fid-census:1f18290e7cc8:build/intel/mt_obj/mktime.obj:629b3c4b1ae1
0x159c50	__make_time_t	LIBCMT.LIB	HIGH	fid-census:1f18290e7cc8:build/intel/mt_obj/mktime.obj:629b3c4b1ae1
0x159e90	_gmtime	LIBCMT.LIB	HIGH	fid-census:1f18290e7cc8:build/intel/mt_obj/gmtime.obj:72ace7be26d5
0x15a000	_localtime	LIBCMT.LIB	HIGH	fid-census:1f18290e7cc8:build/intel/mt_obj/localtim.obj:5a60331bbc30
0x15a1f0	__Getdays	LIBCMT.LIB	HIGH	fid-census:1f18290e7cc8:build/intel/mt_obj/strftime.obj:218b3239888b
0x15a2e0	__Getmonths	LIBCMT.LIB	HIGH	fid-census:1f18290e7cc8:build/intel/mt_obj/strftime.obj:218b3239888b
0x15a3d0	__Gettnames	LIBCMT.LIB	HIGH	fid-census:1f18290e7cc8:build/intel/mt_obj/strftime.obj:218b3239888b
0x15a740	_strftime	LIBCMT.LIB	HIGH	fid-census:1f18290e7cc8:build/intel/mt_obj/strftime.obj:218b3239888b
0x15a760	__Strftime	LIBCMT.LIB	HIGH	fid-census:1f18290e7cc8:build/intel/mt_obj/strftime.obj:218b3239888b
0x15a8b0	__expandtime	LIBCMT.LIB	HIGH	fid-census:1f18290e7cc8:build/intel/mt_obj/strftime.obj:218b3239888b
0x15ae50	__store_str	LIBCMT.LIB	HIGH	fid-census:1f18290e7cc8:build/intel/mt_obj/strftime.obj:218b3239888b
0x15ae80	__store_num	LIBCMT.LIB	HIGH	fid-census:1f18290e7cc8:build/intel/mt_obj/strftime.obj:218b3239888b
0x15af20	__store_number	LIBCMT.LIB	HIGH	fid-census:1f18290e7cc8:build/intel/mt_obj/strftime.obj:218b3239888b
0x15af90	__store_winword	LIBCMT.LIB	HIGH	fid-census:1f18290e7cc8:build/intel/mt_obj/strftime.obj:218b3239888b
0x15b2e0	___InternalCxxFrameHandler	LIBCMT.LIB	HIGH	fid-census:1f18290e7cc8:build/intel/mt_obj/frame.obj:c13bf8bb8468
0x15b3b0	?FindHandler@@YAXPAUEHExceptionRecord@@PAUEHRegistrationNode@@PAU_CONTEXT@@PAXPBU_s_FuncInfo@@EH1@Z	LIBCMT.LIB	HIGH	fid-census:1f18290e7cc8:build/intel/mt_obj/frame.obj:c13bf8bb8468
0x15b670	?FindHandlerForForeignException@@YAXPAUEHExceptionRecord@@PAUEHRegistrationNode@@PAU_CONTEXT@@PAXPBU_s_FuncInfo@@HH1@Z	LIBCMT.LIB	HIGH	fid-census:1f18290e7cc8:build/intel/mt_obj/frame.obj:c13bf8bb8468
0x15b750	___FrameUnwindToState	LIBCMT.LIB	HIGH	fid-census:1f18290e7cc8:build/intel/mt_obj/frame.obj:c13bf8bb8468
0x15b830	?CatchIt@@YAXPAUEHExceptionRecord@@PAUEHRegistrationNode@@PAU_CONTEXT@@PAXPBU_s_FuncInfo@@PBU_s_HandlerType@@PBU_s_CatchableType@@PBU_s_TryBlockMapEntry@@H1@Z	LIBCMT.LIB	HIGH	fid-census:1f18290e7cc8:build/intel/mt_obj/frame.obj:c13bf8bb8468
0x15ba20	?ExFilterRethrow@@YAHPAU_EXCEPTION_POINTERS@@@Z	LIBCMT.LIB	HIGH	fid-census:1f18290e7cc8:build/intel/mt_obj/frame.obj:c13bf8bb8468
0x15ba50	?BuildCatchObject@@YAXPAUEHExceptionRecord@@PAUEHRegistrationNode@@PBU_s_HandlerType@@PBU_s_CatchableType@@@Z	LIBCMT.LIB	HIGH	fid-census:1f18290e7cc8:build/intel/mt_obj/frame.obj:c13bf8bb8468
0x15bc60	?_DestructExceptionObject@@YAXPAUEHExceptionRecord@@E@Z	LIBCMT.LIB	HIGH	fid-census:1f18290e7cc8:build/intel/mt_obj/frame.obj:c13bf8bb8468
0x15bce0	?AdjustPointer@@YAPAXPAXABUPMD@@@Z	LIBCMT.LIB	HIGH	fid-census:1f18290e7cc8:build/intel/mt_obj/frame.obj:c13bf8bb8468
0x15bd10	__CallSettingFrame@12	LIBCMT.LIB	HIGH	fid-census:1f18290e7cc8:build/intel/mt_obj/lowhelpr.obj:9db5d018971c
0x15bd60	__mtinit	LIBCMT.LIB	HIGH	fid-census:1f18290e7cc8:build/intel/mt_obj/tidtable.obj:498a125ef798
0x15bdc0	__mtterm	LIBCMT.LIB	HIGH	fid-census:1f18290e7cc8:build/intel/mt_obj/tidtable.obj:498a125ef798
0x15bdf0	__initptd	LIBCMT.LIB	HIGH	fid-census:1f18290e7cc8:build/intel/mt_obj/tidtable.obj:498a125ef798
0x15be10	__getptd	LIBCMT.LIB	HIGH	fid-census:1f18290e7cc8:build/intel/mt_obj/tidtable.obj:498a125ef798
0x15be90	__freeptd	LIBCMT.LIB	HIGH	fid-census:1f18290e7cc8:build/intel/mt_obj/tidtable.obj:498a125ef798
0x15bff0	?unexpected@@YAXXZ	LIBCMT.LIB	HIGH	fid-census:1f18290e7cc8:build/intel/mt_obj/hooks.obj:fd51fc711076
0x15c0a0	__mtinitlocks	LIBCMT.LIB	HIGH	fid-census:1f18290e7cc8:build/intel/mt_obj/mlock.obj:b6a924c1eee4
0x15c0d0	__mtdeletelocks	LIBCMT.LIB	HIGH	fid-census:1f18290e7cc8:build/intel/mt_obj/mlock.obj:b6a924c1eee4
0x15c150	__lock	LIBCMT.LIB	HIGH	fid-census:1f18290e7cc8:build/intel/mt_obj/mlock.obj:b6a924c1eee4
0x15c1d0	__unlock	LIBCMT.LIB	HIGH	fid-census:1f18290e7cc8:build/intel/mt_obj/mlock.obj:b6a924c1eee4
0x15c2d0	__lockerr_exit	LIBCMT.LIB	HIGH	fid-census:1f18290e7cc8:build/intel/mt_obj/mlock.obj:b6a924c1eee4
0x15c2f0	__setdefaultprecision	LIBCMT.LIB	HIGH	fid-census:1f18290e7cc8:build/intel/mt_obj/fp8.obj:4cf52061a69f
0x15c310	__ms_p5_test_fdiv	LIBCMT.LIB	HIGH	fid-census:1f18290e7cc8:../build/intel/mt_obj/testfdiv.obj:3daa37d197d6
0x15c360	__ms_p5_mp_test_fdiv	LIBCMT.LIB	HIGH	fid-census:1f18290e7cc8:../build/intel/mt_obj/testfdiv.obj:3daa37d197d6
0x15c390	__forcdecpt	LIBCMT.LIB	HIGH	fid-census:1f18290e7cc8:../build/intel/mt_obj/cvt.obj:9e7144edd6c6
0x15c3f0	__cropzeros	LIBCMT.LIB	HIGH	fid-census:1f18290e7cc8:../build/intel/mt_obj/cvt.obj:9e7144edd6c6
0x15c460	__positive	LIBCMT.LIB	HIGH	fid-census:1f18290e7cc8:../build/intel/mt_obj/cvt.obj:9e7144edd6c6
0x15c480	__fassign	LIBCMT.LIB	HIGH	fid-census:1f18290e7cc8:../build/intel/mt_obj/cvt.obj:9e7144edd6c6
0x15c4e0	__cftoe	LIBCMT.LIB	HIGH	fid-census:1f18290e7cc8:../build/intel/mt_obj/cvt.obj:9e7144edd6c6
0x15c560	__cftoe2	LIBCMT.LIB	HIGH	fid-census:1f18290e7cc8:../build/intel/mt_obj/cvt.obj:9e7144edd6c6
0x15c660	__cftof	LIBCMT.LIB	HIGH	fid-census:1f18290e7cc8:../build/intel/mt_obj/cvt.obj:9e7144edd6c6
0x15c6d0	__cftof2	LIBCMT.LIB	HIGH	fid-census:1f18290e7cc8:../build/intel/mt_obj/cvt.obj:9e7144edd6c6
0x15c790	__cftog	LIBCMT.LIB	HIGH	fid-census:1f18290e7cc8:../build/intel/mt_obj/cvt.obj:9e7144edd6c6
0x15c850	__cfltcvt	LIBCMT.LIB	HIGH	fid-census:1f18290e7cc8:../build/intel/mt_obj/cvt.obj:9e7144edd6c6
0x15c8c0	__shift	LIBCMT.LIB	HIGH	fid-census:1f18290e7cc8:../build/intel/mt_obj/cvt.obj:9e7144edd6c6
0x15c8f0	?_set_new_handler@@YAP6AHI@ZP6AHI@Z@Z	LIBCMT.LIB	HIGH	fid-census:1f18290e7cc8:build/intel/mt_obj/handler.obj:d0639d2a61ac
0x15c930	__callnewh	LIBCMT.LIB	HIGH	fid-census:1f18290e7cc8:build/intel/mt_obj/handler.obj:d0639d2a61ac
0x15c950	__heap_init	LIBCMT.LIB	HIGH	fid-census:1f18290e7cc8:build/intel/mt_obj/heapinit.obj:a2d368c54224
0x15c990	__heap_term	LIBCMT.LIB	HIGH	fid-census:1f18290e7cc8:build/intel/mt_obj/heapinit.obj:a2d368c54224
0x15c9e0	__set_sbh_threshold	LIBCMT.LIB	HIGH	fid-census:1f18290e7cc8:build/intel/mt_obj/sbheap.obj:07a3a71b96e9
0x15ca00	___sbh_new_region	LIBCMT.LIB	HIGH	fid-census:1f18290e7cc8:build/intel/mt_obj/sbheap.obj:07a3a71b96e9
0x15cb70	___sbh_release_region	LIBCMT.LIB	HIGH	fid-census:1f18290e7cc8:build/intel/mt_obj/sbheap.obj:07a3a71b96e9
0x15cbd0	___sbh_decommit_pages	LIBCMT.LIB	HIGH	fid-census:1f18290e7cc8:build/intel/mt_obj/sbheap.obj:07a3a71b96e9
0x15cca0	___sbh_find_block	LIBCMT.LIB	HIGH	fid-census:1f18290e7cc8:build/intel/mt_obj/sbheap.obj:07a3a71b96e9
0x15cd00	___sbh_free_block	LIBCMT.LIB	HIGH	fid-census:1f18290e7cc8:build/intel/mt_obj/sbheap.obj:07a3a71b96e9
0x15cd60	___sbh_alloc_block	LIBCMT.LIB	HIGH	fid-census:1f18290e7cc8:build/intel/mt_obj/sbheap.obj:07a3a71b96e9
0x15cfa0	___sbh_alloc_block_from_page	LIBCMT.LIB	HIGH	fid-census:1f18290e7cc8:build/intel/mt_obj/sbheap.obj:07a3a71b96e9
0x15d120	___sbh_resize_block	LIBCMT.LIB	HIGH	fid-census:1f18290e7cc8:build/intel/mt_obj/sbheap.obj:07a3a71b96e9
0x15d1f0	___sbh_heap_check	LIBCMT.LIB	HIGH	fid-census:1f18290e7cc8:build/intel/mt_obj/sbheap.obj:07a3a71b96e9
0x15d3c0	__trandisp1	LIBCMT.LIB	HIGH	fid-census:1f18290e7cc8:../build/intel/mt_obj/87disp.obj:86ef9c6ec4df
0x15d590	__startTwoArgErrorHandling	LIBCMT.LIB	HIGH	fid-census:1f18290e7cc8:../build/intel/mt_obj/genexcep.obj:aa19a5a5ca74
0x15d5a7	__startOneArgErrorHandling	LIBCMT.LIB	HIGH	fid-census:1f18290e7cc8:../build/intel/mt_obj/genexcep.obj:aa19a5a5ca74
0x15d5f0	__twoToTOS	LIBCMT.LIB	HIGH	fid-census:1f18290e7cc8:../build/intel/mt_obj/common.obj:3cf08ca57c59
0x15d605	__load_CW	LIBCMT.LIB	HIGH	fid-census:1f18290e7cc8:../build/intel/mt_obj/common.obj:3cf08ca57c59
0x15d61c	__convertTOStoQNaN	LIBCMT.LIB	HIGH	fid-census:1f18290e7cc8:../build/intel/mt_obj/common.obj:3cf08ca57c59
0x15d635	__fload_withFB	LIBCMT.LIB	HIGH	fid-census:1f18290e7cc8:../build/intel/mt_obj/common.obj:3cf08ca57c59
0x15d780	__flsbuf	LIBCMT.LIB	HIGH	fid-census:1f18290e7cc8:build/intel/mt_obj/_flsbuf.obj:e8ae5255d0e1
0x15d8b0	__output	LIBCMT.LIB	HIGH	fid-census:1f18290e7cc8:build/intel/mt_obj/output.obj:23dfe0e1dbcb
0x15e240	_write_char	LIBCMT.LIB	HIGH	fid-census:1f18290e7cc8:build/intel/mt_obj/output.obj:23dfe0e1dbcb
0x15e2d0	_write_string	LIBCMT.LIB	HIGH	fid-census:1f18290e7cc8:build/intel/mt_obj/output.obj:23dfe0e1dbcb
0x15e580	__cintrindisp2	LIBCMT.LIB	HIGH	fid-census:1f18290e7cc8:../build/intel/mt_obj/87cdisp.obj:f3a3e27083b3
0x15e5be	__cintrindisp1	LIBCMT.LIB	HIGH	fid-census:1f18290e7cc8:../build/intel/mt_obj/87cdisp.obj:f3a3e27083b3
0x15e77b	__ctrandisp1	LIBCMT.LIB	HIGH	fid-census:1f18290e7cc8:../build/intel/mt_obj/87cdisp.obj:f3a3e27083b3
0x15e8d0	__aulldiv	LIBCMT.LIB	HIGH	fid-census:1f18290e7cc8:build/intel/mt_obj/ulldiv.obj:535f3e8546ea
0x15e940	__aullrem	LIBCMT.LIB	HIGH	fid-census:1f18290e7cc8:build/intel/mt_obj/ullrem.obj:7ccff1e3ec21
0x15e9c0	__close	LIBCMT.LIB	HIGH	fid-census:1f18290e7cc8:build/intel/mt_obj/close.obj:826315cf81e9
0x15ea30	__close_lk	LIBCMT.LIB	HIGH	fid-census:1f18290e7cc8:build/intel/mt_obj/close.obj:826315cf81e9
0x15eac0	__freebuf	LIBCMT.LIB	HIGH	fid-census:1f18290e7cc8:build/intel/mt_obj/_freebuf.obj:251800287934
0x15eb80	__lseek_lk	LIBCMT.LIB	HIGH	fid-census:1f18290e7cc8:build/intel/mt_obj/lseek.obj:979cacf0e6ab
0x15ec00	__filbuf	LIBCMT.LIB	HIGH	fid-census:1f18290e7cc8:build/intel/mt_obj/_filbuf.obj:a5fd478894d1
0x15ed70	__read_lk	LIBCMT.LIB	HIGH	fid-census:1f18290e7cc8:build/intel/mt_obj/read.obj:abacca6b7b5b
0x15efa0	__openfile	LIBCMT.LIB	HIGH	fid-census:1f18290e7cc8:build/intel/mt_obj/_open.obj:101e39beeeac
0x15f170	__getstream	LIBCMT.LIB	HIGH	fid-census:1f18290e7cc8:build/intel/mt_obj/stream.obj:9cba9ed9d7f2
0x15f250	__input	LIBCMT.LIB	HIGH	fid-census:1f18290e7cc8:build/intel/mt_obj/input.obj:6f821ee6f324
0x15ffd0	__inc	LIBCMT.LIB	HIGH	fid-census:1f18290e7cc8:build/intel/mt_obj/input.obj:6f821ee6f324
0x160000	__un_inc	LIBCMT.LIB	HIGH	fid-census:1f18290e7cc8:build/intel/mt_obj/input.obj:6f821ee6f324
0x160020	__whiteout	LIBCMT.LIB	HIGH	fid-census:1f18290e7cc8:build/intel/mt_obj/input.obj:6f821ee6f324
0x160070	__isctype	LIBCMT.LIB	HIGH	fid-census:1f18290e7cc8:build/intel/mt_obj/isctype.obj:635fd286e89f
0x160110	_setlocale	LIBCMT.LIB	HIGH	fid-census:1f18290e7cc8:build/intel/mt_obj/setlocal.obj:9a1f4c03b29f
0x1603e0	__setlocale_set_cat	LIBCMT.LIB	HIGH	fid-census:1f18290e7cc8:build/intel/mt_obj/setlocal.obj:9a1f4c03b29f
0x160540	__setlocale_get_all	LIBCMT.LIB	HIGH	fid-census:1f18290e7cc8:build/intel/mt_obj/setlocal.obj:9a1f4c03b29f
0x160660	__expandlocale	LIBCMT.LIB	HIGH	fid-census:1f18290e7cc8:build/intel/mt_obj/setlocal.obj:9a1f4c03b29f
0x160870	__strcats	LIBCMT.LIB	HIGH	fid-census:1f18290e7cc8:build/intel/mt_obj/setlocal.obj:9a1f4c03b29f
0x1608c0	___lc_strtolc	LIBCMT.LIB	HIGH	fid-census:1f18290e7cc8:build/intel/mt_obj/setlocal.obj:9a1f4c03b29f
0x1609d0	___lc_lctostr	LIBCMT.LIB	HIGH	fid-census:1f18290e7cc8:build/intel/mt_obj/setlocal.obj:9a1f4c03b29f
0x160a40	__powhlp	LIBCMT.LIB	HIGH	fid-census:1f18290e7cc8:../build/intel/mt_obj/powhlp.obj:1b605807f391
0x160c70	__d_inttype	LIBCMT.LIB	HIGH	fid-census:1f18290e7cc8:../build/intel/mt_obj/powhlp.obj:1b605807f391
0x160d00	___crtLCMapStringW	LIBCMT.LIB	HIGH	fid-census:1f18290e7cc8:build/intel/mt_obj/aw_map.obj:69d66cfc1477
0x160f50	___crtLCMapStringA	LIBCMT.LIB	HIGH	fid-census:1f18290e7cc8:build/intel/mt_obj/aw_map.obj:69d66cfc1477
0x1611b0	?__CxxUnhandledExceptionFilter@@YGJPAU_EXCEPTION_POINTERS@@@Z	LIBCMT.LIB	HIGH	fid-census:1f18290e7cc8:build/intel/mt_obj/unhandld.obj:ee76f7a72c55
0x161240	_signal	LIBCMT.LIB	HIGH	fid-census:1f18290e7cc8:build/intel/mt_obj/winsig.obj:702e8ea09b94
0x161470	_ctrlevent_capture@4	LIBCMT.LIB	HIGH	fid-census:1f18290e7cc8:build/intel/mt_obj/winsig.obj:702e8ea09b94
0x161500	_raise	LIBCMT.LIB	HIGH	fid-census:1f18290e7cc8:build/intel/mt_obj/winsig.obj:702e8ea09b94
0x161710	_siglookup	LIBCMT.LIB	HIGH	fid-census:1f18290e7cc8:build/intel/mt_obj/winsig.obj:702e8ea09b94
0x161770	__FF_MSGBANNER	LIBCMT.LIB	HIGH	fid-census:1f18290e7cc8:build/intel/mt_obj/crt0msg.obj:98c6252a7d35
0x1617b0	__NMSG_WRITE	LIBCMT.LIB	HIGH	fid-census:1f18290e7cc8:build/intel/mt_obj/crt0msg.obj:98c6252a7d35
0x161990	__GET_RTERRMSG	LIBCMT.LIB	HIGH	fid-census:1f18290e7cc8:build/intel/mt_obj/crt0msg.obj:98c6252a7d35
0x1619c0	__handle_qnan1	LIBCMT.LIB	HIGH	fid-census:1f18290e7cc8:../build/intel/mt_obj/fpexcept.obj:defb5cca91c4
0x161a10	__handle_qnan2	LIBCMT.LIB	HIGH	fid-census:1f18290e7cc8:../build/intel/mt_obj/fpexcept.obj:defb5cca91c4
0x161a90	__except1	LIBCMT.LIB	HIGH	fid-census:1f18290e7cc8:../build/intel/mt_obj/fpexcept.obj:defb5cca91c4
0x161b50	__except2	LIBCMT.LIB	HIGH	fid-census:1f18290e7cc8:../build/intel/mt_obj/fpexcept.obj:defb5cca91c4
0x161c40	__raise_exc	LIBCMT.LIB	HIGH	fid-census:1f18290e7cc8:../build/intel/mt_obj/fpexcept.obj:defb5cca91c4
0x161f80	__handle_exc	LIBCMT.LIB	HIGH	fid-census:1f18290e7cc8:../build/intel/mt_obj/fpexcept.obj:defb5cca91c4
0x1622b0	__umatherr	LIBCMT.LIB	HIGH	fid-census:1f18290e7cc8:../build/intel/mt_obj/fpexcept.obj:defb5cca91c4
0x162360	__set_errno	LIBCMT.LIB	HIGH	fid-census:1f18290e7cc8:../build/intel/mt_obj/fpexcept.obj:defb5cca91c4
0x162390	__get_fname	LIBCMT.LIB	HIGH	fid-census:1f18290e7cc8:../build/intel/mt_obj/fpexcept.obj:defb5cca91c4
0x1623c0	__errcode	LIBCMT.LIB	HIGH	fid-census:1f18290e7cc8:../build/intel/mt_obj/fpexcept.obj:defb5cca91c4
0x162400	__set_exp	LIBCMT.LIB	HIGH	fid-census:1f18290e7cc8:../build/intel/mt_obj/util.obj:d319e986329f
0x162440	__get_exp	LIBCMT.LIB	HIGH	fid-census:1f18290e7cc8:../build/intel/mt_obj/util.obj:d319e986329f
0x162460	__add_exp	LIBCMT.LIB	HIGH	fid-census:1f18290e7cc8:../build/intel/mt_obj/util.obj:d319e986329f
0x162490	__set_bexp	LIBCMT.LIB	HIGH	fid-census:1f18290e7cc8:../build/intel/mt_obj/util.obj:d319e986329f
0x1624d0	__sptype	LIBCMT.LIB	HIGH	fid-census:1f18290e7cc8:../build/intel/mt_obj/util.obj:d319e986329f
0x162530	__decomp	LIBCMT.LIB	HIGH	fid-census:1f18290e7cc8:../build/intel/mt_obj/util.obj:d319e986329f
0x162630	__statfp	LIBCMT.LIB	HIGH	fid-census:1f18290e7cc8:../build/intel/mt_obj/fpctrl.obj:1f071c09e299
0x162640	__clrfp	LIBCMT.LIB	HIGH	fid-census:1f18290e7cc8:../build/intel/mt_obj/fpctrl.obj:1f071c09e299
0x162660	__ctrlfp	LIBCMT.LIB	HIGH	fid-census:1f18290e7cc8:../build/intel/mt_obj/fpctrl.obj:1f071c09e299
0x162690	__set_statfp	LIBCMT.LIB	HIGH	fid-census:1f18290e7cc8:../build/intel/mt_obj/fpctrl.obj:1f071c09e299
0x1626f0	__XcptFilter	LIBCMT.LIB	HIGH	fid-census:1f18290e7cc8:build/intel/mt_obj/winxfltr.obj:6c44447ea0ec
0x162900	_xcptlookup	LIBCMT.LIB	HIGH	fid-census:1f18290e7cc8:build/intel/mt_obj/winxfltr.obj:6c44447ea0ec
0x162960	__ismbbkprint	LIBCMT.LIB	HIGH	fid-census:1f18290e7cc8:build/intel/mt_obj/ismbbyte.obj:df3c60dee3af
0x162980	__ismbbkpunct	LIBCMT.LIB	HIGH	fid-census:1f18290e7cc8:build/intel/mt_obj/ismbbyte.obj:df3c60dee3af
0x1629a0	__ismbbalnum	LIBCMT.LIB	HIGH	fid-census:1f18290e7cc8:build/intel/mt_obj/ismbbyte.obj:df3c60dee3af
0x1629c0	__ismbbalpha	LIBCMT.LIB	HIGH	fid-census:1f18290e7cc8:build/intel/mt_obj/ismbbyte.obj:df3c60dee3af
0x1629e0	__ismbbgraph	LIBCMT.LIB	HIGH	fid-census:1f18290e7cc8:build/intel/mt_obj/ismbbyte.obj:df3c60dee3af
0x162a00	__ismbbprint	LIBCMT.LIB	HIGH	fid-census:1f18290e7cc8:build/intel/mt_obj/ismbbyte.obj:df3c60dee3af
0x162a20	__ismbbpunct	LIBCMT.LIB	HIGH	fid-census:1f18290e7cc8:build/intel/mt_obj/ismbbyte.obj:df3c60dee3af
0x162a40	__ismbblead	LIBCMT.LIB	HIGH	fid-census:1f18290e7cc8:build/intel/mt_obj/ismbbyte.obj:df3c60dee3af
0x162a60	__ismbbtrail	LIBCMT.LIB	HIGH	fid-census:1f18290e7cc8:build/intel/mt_obj/ismbbyte.obj:df3c60dee3af
0x162a80	__ismbbkana	LIBCMT.LIB	HIGH	fid-census:1f18290e7cc8:build/intel/mt_obj/ismbbyte.obj:df3c60dee3af
0x162ab0	_x_ismbbtype	LIBCMT.LIB	HIGH	fid-census:1f18290e7cc8:build/intel/mt_obj/ismbbyte.obj:df3c60dee3af
0x162af0	__setenvp	LIBCMT.LIB	HIGH	fid-census:1f18290e7cc8:build/intel/mt_obj/stdenvp.obj:ad957be41fcc
0x162be0	__setargv	LIBCMT.LIB	HIGH	fid-census:1f18290e7cc8:build/intel/mt_obj/stdargv.obj:e9006afba5f7
0x162c80	_parse_cmdline	LIBCMT.LIB	HIGH	fid-census:1f18290e7cc8:build/intel/mt_obj/stdargv.obj:e9006afba5f7
0x162e90	___crtGetEnvironmentStringsW	LIBCMT.LIB	HIGH	fid-census:1f18290e7cc8:build/intel/mt_obj/aw_env.obj:4f0ed66b9dfd
0x163090	___crtGetEnvironmentStringsA	LIBCMT.LIB	HIGH	fid-census:1f18290e7cc8:build/intel/mt_obj/aw_env.obj:4f0ed66b9dfd
0x1631f0	__ioinit	LIBCMT.LIB	HIGH	fid-census:1f18290e7cc8:build/intel/mt_obj/ioinit.obj:97e3e133284f
0x163400	__ioterm	LIBCMT.LIB	HIGH	fid-census:1f18290e7cc8:build/intel/mt_obj/ioinit.obj:97e3e133284f
0x163460	__fltin2	LIBCMT.LIB	HIGH	fid-census:1f18290e7cc8:../build/intel/mt_obj/cfin.obj:fd53426fc419
0x163500	__stbuf	LIBCMT.LIB	HIGH	fid-census:1f18290e7cc8:build/intel/mt_obj/_sftbuf.obj:1338fa95f377
0x1635c0	__ftbuf	LIBCMT.LIB	HIGH	fid-census:1f18290e7cc8:build/intel/mt_obj/_sftbuf.obj:1338fa95f377
0x163600	_calloc	LIBCMT.LIB	HIGH	fid-census:1f18290e7cc8:build/intel/mt_obj/calloc.obj:5b613b2672a1
0x1636d0	___loctotime_t	LIBCMT.LIB	HIGH	fid-census:1f18290e7cc8:build/intel/mt_obj/dtoxtime.obj:b2459fed5e1e
0x1637c0	___initstdio	LIBCMT.LIB	HIGH	fid-census:1f18290e7cc8:build/intel/mt_obj/_file.obj:0b62fed8c55a
0x1638a0	_strpbrk	LIBCMT.LIB	HIGH	fid-census:1f18290e7cc8:build/intel/mt_obj/strpbrk.obj:4f470680ec93
0x1638e0	__strrev	LIBCMT.LIB	HIGH	fid-census:1f18290e7cc8:build/intel/mt_obj/strrev.obj:0e99996a763b
0x163910	_strspn	LIBCMT.LIB	HIGH	fid-census:1f18290e7cc8:build/intel/mt_obj/strspn.obj:523c0197b735
0x163950	_strcspn	LIBCMT.LIB	HIGH	fid-census:1f18290e7cc8:build/intel/mt_obj/strcspn.obj:8aea33e72f98
0x163990	___crtGetStringTypeW	LIBCMT.LIB	HIGH	fid-census:1f18290e7cc8:build/intel/mt_obj/aw_str.obj:b3e1df4fbe6e
0x163b20	___crtGetStringTypeA	LIBCMT.LIB	HIGH	fid-census:1f18290e7cc8:build/intel/mt_obj/aw_str.obj:b3e1df4fbe6e
0x163cd0	__getdcwd_lk	LIBCMT.LIB	HIGH	fid-census:1f18290e7cc8:build/intel/mt_obj/getcwd.obj:2bb08216c72e
0x163e00	__validdrive	LIBCMT.LIB	HIGH	fid-census:1f18290e7cc8:build/intel/mt_obj/getcwd.obj:2bb08216c72e
0x163e40	__mbsnbcpy	LIBCMT.LIB	HIGH	fid-census:1f18290e7cc8:build/intel/mt_obj/mbsnbcpy.obj:721302438f90
0x163f70	__write_lk	LIBCMT.LIB	HIGH	fid-census:1f18290e7cc8:build/intel/mt_obj/write.obj:c7eb117f2255
0x164180	__commit	LIBCMT.LIB	HIGH	fid-census:1f18290e7cc8:build/intel/mt_obj/commit.obj:2426b01a41a7
0x164220	___tzset	LIBCMT.LIB	HIGH	fid-census:1f18290e7cc8:build/intel/mt_obj/tzset.obj:f5cca401d2b8
0x164260	__tzset	LIBCMT.LIB	HIGH	fid-census:1f18290e7cc8:build/intel/mt_obj/tzset.obj:f5cca401d2b8
0x164280	__tzset_lk	LIBCMT.LIB	HIGH	fid-census:1f18290e7cc8:build/intel/mt_obj/tzset.obj:f5cca401d2b8
0x164560	__isindst	LIBCMT.LIB	HIGH	fid-census:1f18290e7cc8:build/intel/mt_obj/tzset.obj:f5cca401d2b8
0x164590	__isindst_lk	LIBCMT.LIB	HIGH	fid-census:1f18290e7cc8:build/intel/mt_obj/tzset.obj:f5cca401d2b8
0x164800	_cvtdate	LIBCMT.LIB	HIGH	fid-census:1f18290e7cc8:build/intel/mt_obj/tzset.obj:f5cca401d2b8
0x1649e0	?_ValidateExecute@@YAHP6GHXZ@Z	LIBCMT.LIB	HIGH	fid-census:1f18290e7cc8:build/intel/mt_obj/validate.obj:8a67a38361d6
0x164a00	__statusfp	LIBCMT.LIB	HIGH	fid-census:1f18290e7cc8:../build/intel/mt_obj/ieee87.obj:edb782f651be
0x164a20	__clearfp	LIBCMT.LIB	HIGH	fid-census:1f18290e7cc8:../build/intel/mt_obj/ieee87.obj:edb782f651be
0x164a40	__control87	LIBCMT.LIB	HIGH	fid-census:1f18290e7cc8:../build/intel/mt_obj/ieee87.obj:edb782f651be
0x164a80	__controlfp	LIBCMT.LIB	HIGH	fid-census:1f18290e7cc8:../build/intel/mt_obj/ieee87.obj:edb782f651be
0x164aa0	__fpreset	LIBCMT.LIB	HIGH	fid-census:1f18290e7cc8:../build/intel/mt_obj/ieee87.obj:edb782f651be
0x164ad0	__abstract_cw	LIBCMT.LIB	HIGH	fid-census:1f18290e7cc8:../build/intel/mt_obj/ieee87.obj:edb782f651be
0x164b70	__hw_cw	LIBCMT.LIB	HIGH	fid-census:1f18290e7cc8:../build/intel/mt_obj/ieee87.obj:edb782f651be
0x164c00	__abstract_sw	LIBCMT.LIB	HIGH	fid-census:1f18290e7cc8:../build/intel/mt_obj/ieee87.obj:edb782f651be
0x164c40	__ZeroTail	LIBCMT.LIB	HIGH	fid-census:1f18290e7cc8:../build/intel/mt_obj/intrncvt.obj:5339dda17896
0x164cb0	__IncMan	LIBCMT.LIB	HIGH	fid-census:1f18290e7cc8:../build/intel/mt_obj/intrncvt.obj:5339dda17896
0x164d20	__RoundMan	LIBCMT.LIB	HIGH	fid-census:1f18290e7cc8:../build/intel/mt_obj/intrncvt.obj:5339dda17896
0x164dc0	__CopyMan	LIBCMT.LIB	HIGH	fid-census:1f18290e7cc8:../build/intel/mt_obj/intrncvt.obj:5339dda17896
0x164df0	__IsZeroMan	LIBCMT.LIB	HIGH	fid-census:1f18290e7cc8:../build/intel/mt_obj/intrncvt.obj:5339dda17896
0x164e10	__ShrMan	LIBCMT.LIB	HIGH	fid-census:1f18290e7cc8:../build/intel/mt_obj/intrncvt.obj:5339dda17896
0x164ed0	__ld12cvt	LIBCMT.LIB	HIGH	fid-census:1f18290e7cc8:../build/intel/mt_obj/intrncvt.obj:5339dda17896
0x1650e0	__ld12told	LIBCMT.LIB	HIGH	fid-census:1f18290e7cc8:../build/intel/mt_obj/intrncvt.obj:5339dda17896
0x1651a0	__atoldbl	LIBCMT.LIB	HIGH	fid-census:1f18290e7cc8:../build/intel/mt_obj/intrncvt.obj:5339dda17896
0x165220	__fptostr	LIBCMT.LIB	HIGH	fid-census:1f18290e7cc8:build/intel/mt_obj/_fptostr.obj:bb1a288b1d5f
0x1652c0	__fltout2	LIBCMT.LIB	HIGH	fid-census:1f18290e7cc8:../build/intel/mt_obj/cfout.obj:fbc5cb43b99e
0x165350	___dtold	LIBCMT.LIB	HIGH	fid-census:1f18290e7cc8:../build/intel/mt_obj/cfout.obj:fbc5cb43b99e
0x165420	__87except	LIBCMT.LIB	HIGH	fid-census:1f18290e7cc8:../build/intel/mt_obj/87except.obj:2f1e6f02f035
0x165540	__getbuf	LIBCMT.LIB	HIGH	fid-census:1f18290e7cc8:build/intel/mt_obj/_getbuf.obj:bc78d8fc2863
0x1655a0	__isatty	LIBCMT.LIB	HIGH	fid-census:1f18290e7cc8:build/intel/mt_obj/isatty.obj:bf36218ed31c
0x1655d0	_wctomb	LIBCMT.LIB	HIGH	fid-census:1f18290e7cc8:build/intel/mt_obj/wctomb.obj:beda8904f6d6
0x165640	__wctomb_lk	LIBCMT.LIB	HIGH	fid-census:1f18290e7cc8:build/intel/mt_obj/wctomb.obj:beda8904f6d6
0x165c76	__fdivp_sti_st	LIBCMT.LIB	HIGH	fid-census:1f18290e7cc8:../build/intel/mt_obj/adj_fdiv.obj:c394baa0c7df
0x165eb1	__safe_fdivr	LIBCMT.LIB	HIGH	fid-census:1f18290e7cc8:../build/intel/mt_obj/adj_fdiv.obj:c394baa0c7df
0x165ec6	__fprem_common	LIBCMT.LIB	HIGH	fid-census:1f18290e7cc8:../build/intel/mt_obj/adj_fdiv.obj:c394baa0c7df
0x1660cc	__adj_fprem	LIBCMT.LIB	HIGH	fid-census:1f18290e7cc8:../build/intel/mt_obj/adj_fdiv.obj:c394baa0c7df
0x16617e	__fprem1_common	LIBCMT.LIB	HIGH	fid-census:1f18290e7cc8:../build/intel/mt_obj/adj_fdiv.obj:c394baa0c7df
0x166470	__sopen	LIBCMT.LIB	HIGH	fid-census:1f18290e7cc8:build/intel/mt_obj/open.obj:85ae44dc093e
0x166890	__mbtowc_lk	LIBCMT.LIB	HIGH	fid-census:1f18290e7cc8:build/intel/mt_obj/mbtowc.obj:1a62f6463fe3
0x166990	__allshl	LIBCMT.LIB	HIGH	fid-census:1f18290e7cc8:build/intel/mt_obj/llshl.obj:9acdb9362c8d
0x1669b0	_ungetc	LIBCMT.LIB	HIGH	fid-census:1f18290e7cc8:build/intel/mt_obj/ungetc.obj:b950967441d1
0x1669e0	__ungetc_lk	LIBCMT.LIB	HIGH	fid-census:1f18290e7cc8:build/intel/mt_obj/ungetc.obj:b950967441d1
0x166a70	___init_time	LIBCMT.LIB	HIGH	fid-census:1f18290e7cc8:build/intel/mt_obj/inittime.obj:8920d441af15
0x166b20	__get_lc_time	LIBCMT.LIB	HIGH	fid-census:1f18290e7cc8:build/intel/mt_obj/inittime.obj:8920d441af15
0x166ea0	__free_lc_time	LIBCMT.LIB	HIGH	fid-census:1f18290e7cc8:build/intel/mt_obj/inittime.obj:8920d441af15
0x1670e0	_storeTimeFmt	LIBCMT.LIB	HIGH	fid-census:1f18290e7cc8:build/intel/mt_obj/inittime.obj:8920d441af15
0x1671e0	___init_numeric	LIBCMT.LIB	HIGH	fid-census:1f18290e7cc8:build/intel/mt_obj/initnum.obj:d2fa85743aee
0x167420	___init_monetary	LIBCMT.LIB	HIGH	fid-census:1f18290e7cc8:build/intel/mt_obj/initmon.obj:0669c253a3c0
0x167510	__get_lc_lconv	LIBCMT.LIB	HIGH	fid-census:1f18290e7cc8:build/intel/mt_obj/initmon.obj:0669c253a3c0
0x1676a0	__free_lc_lconv	LIBCMT.LIB	HIGH	fid-census:1f18290e7cc8:build/intel/mt_obj/initmon.obj:0669c253a3c0
0x167710	___init_ctype	LIBCMT.LIB	HIGH	fid-census:1f18290e7cc8:build/intel/mt_obj/initctyp.obj:e4179df0ed93
0x1679e0	_strncmp	LIBCMT.LIB	HIGH	fid-census:1f18290e7cc8:build/intel/mt_obj/strncmp.obj:93b57ab43062
0x167a20	___get_qualified_locale	LIBCMT.LIB	HIGH	fid-census:1f18290e7cc8:build/intel/mt_obj/getqloc.obj:f6b4a2b6325f
0x167bc0	_TranslateName	LIBCMT.LIB	HIGH	fid-census:1f18290e7cc8:build/intel/mt_obj/getqloc.obj:f6b4a2b6325f
0x167c20	_GetLcidFromLangCountry	LIBCMT.LIB	HIGH	fid-census:1f18290e7cc8:build/intel/mt_obj/getqloc.obj:f6b4a2b6325f
0x167cb0	_LangCountryEnumProc@4	LIBCMT.LIB	HIGH	fid-census:1f18290e7cc8:build/intel/mt_obj/getqloc.obj:f6b4a2b6325f
0x167f90	_GetLcidFromLanguage	LIBCMT.LIB	HIGH	fid-census:1f18290e7cc8:build/intel/mt_obj/getqloc.obj:f6b4a2b6325f
0x167ff0	_LanguageEnumProc@4	LIBCMT.LIB	HIGH	fid-census:1f18290e7cc8:build/intel/mt_obj/getqloc.obj:f6b4a2b6325f
0x1680d0	_GetLcidFromCountry	LIBCMT.LIB	HIGH	fid-census:1f18290e7cc8:build/intel/mt_obj/getqloc.obj:f6b4a2b6325f
0x168110	_CountryEnumProc@4	LIBCMT.LIB	HIGH	fid-census:1f18290e7cc8:build/intel/mt_obj/getqloc.obj:f6b4a2b6325f
0x1681b0	_GetLcidFromDefault	LIBCMT.LIB	HIGH	fid-census:1f18290e7cc8:build/intel/mt_obj/getqloc.obj:f6b4a2b6325f
0x1681d0	_ProcessCodePage	LIBCMT.LIB	HIGH	fid-census:1f18290e7cc8:build/intel/mt_obj/getqloc.obj:f6b4a2b6325f
0x1682c0	_TestDefaultCountry	LIBCMT.LIB	HIGH	fid-census:1f18290e7cc8:build/intel/mt_obj/getqloc.obj:f6b4a2b6325f
0x1682f0	_TestDefaultLanguage	LIBCMT.LIB	HIGH	fid-census:1f18290e7cc8:build/intel/mt_obj/getqloc.obj:f6b4a2b6325f
0x168380	_IsThisWindowsNT	LIBCMT.LIB	HIGH	fid-census:1f18290e7cc8:build/intel/mt_obj/getqloc.obj:f6b4a2b6325f
0x1683c0	_crtGetLocaleInfoA@16	LIBCMT.LIB	HIGH	fid-census:1f18290e7cc8:build/intel/mt_obj/getqloc.obj:f6b4a2b6325f
0x1684f0	_LcidFromHexString	LIBCMT.LIB	HIGH	fid-census:1f18290e7cc8:build/intel/mt_obj/getqloc.obj:f6b4a2b6325f
0x168530	_GetPrimaryLen	LIBCMT.LIB	HIGH	fid-census:1f18290e7cc8:build/intel/mt_obj/getqloc.obj:f6b4a2b6325f
0x168560	__frnd	LIBCMT.LIB	HIGH	fid-census:1f18290e7cc8:../build/intel/mt_obj/frnd.obj:a8b517a6ff31
0x168580	__copysign	LIBCMT.LIB	HIGH	fid-census:1f18290e7cc8:../build/intel/mt_obj/ieeemisc.obj:cd0e58d23138
0x1685b0	__chgsign	LIBCMT.LIB	HIGH	fid-census:1f18290e7cc8:../build/intel/mt_obj/ieeemisc.obj:cd0e58d23138
0x168600	__logb	LIBCMT.LIB	HIGH	fid-census:1f18290e7cc8:../build/intel/mt_obj/ieeemisc.obj:cd0e58d23138
0x168720	__nextafter	LIBCMT.LIB	HIGH	fid-census:1f18290e7cc8:../build/intel/mt_obj/ieeemisc.obj:cd0e58d23138
0x168a20	__finite	LIBCMT.LIB	HIGH	fid-census:1f18290e7cc8:../build/intel/mt_obj/ieeemisc.obj:cd0e58d23138
0x168a40	__isnan	LIBCMT.LIB	HIGH	fid-census:1f18290e7cc8:../build/intel/mt_obj/ieeemisc.obj:cd0e58d23138
0x168a70	__fpclass	LIBCMT.LIB	HIGH	fid-census:1f18290e7cc8:../build/intel/mt_obj/ieeemisc.obj:cd0e58d23138
0x168b10	___crtMessageBoxA	LIBCMT.LIB	HIGH	fid-census:1f18290e7cc8:build/intel/mt_obj/crtmbox.obj:2a4b8aaf2d9e
0x168bb0	___strgtold12	LIBCMT.LIB	HIGH	fid-census:1f18290e7cc8:../build/intel/mt_obj/strgtold.obj:c452d57e5a23
0x169340	___STRINGTOLD	LIBCMT.LIB	HIGH	fid-census:1f18290e7cc8:../build/intel/mt_obj/strgtold.obj:c452d57e5a23
0x169390	__spawnvpe	LIBCMT.LIB	HIGH	fid-census:1f18290e7cc8:build/intel/mt_obj/spawnvpe.obj:7fbd7493afaa
0x169580	__fcloseall	LIBCMT.LIB	HIGH	fid-census:1f18290e7cc8:build/intel/mt_obj/closeall.obj:ad31df4d9079
0x1696a0	__wcstombs_lk	LIBCMT.LIB	HIGH	fid-census:1f18290e7cc8:build/intel/mt_obj/wcstombs.obj:d570af55ff48
0x169890	_wcsncnt	LIBCMT.LIB	HIGH	fid-census:1f18290e7cc8:build/intel/mt_obj/wcstombs.obj:d570af55ff48
0x169900	__getenv_lk	LIBCMT.LIB	HIGH	fid-census:1f18290e7cc8:build/intel/mt_obj/getenv.obj:74060833259a
0x169990	___addl	LIBCMT.LIB	HIGH	fid-census:1f18290e7cc8:../build/intel/mt_obj/mantold.obj:57524e215475
0x1699c0	___add_12	LIBCMT.LIB	HIGH	fid-census:1f18290e7cc8:../build/intel/mt_obj/mantold.obj:57524e215475
0x169a30	___shl_12	LIBCMT.LIB	HIGH	fid-census:1f18290e7cc8:../build/intel/mt_obj/mantold.obj:57524e215475
0x169a60	___shr_12	LIBCMT.LIB	HIGH	fid-census:1f18290e7cc8:../build/intel/mt_obj/mantold.obj:57524e215475
0x169a90	___mtold12	LIBCMT.LIB	HIGH	fid-census:1f18290e7cc8:../build/intel/mt_obj/mantold.obj:57524e215475
0x169b90	_$I10_OUTPUT	LIBCMT.LIB	HIGH	fid-census:1f18290e7cc8:../build/intel/mt_obj/x10fout.obj:c62b591e88fa
0x169f90	__chsize_lk	LIBCMT.LIB	HIGH	fid-census:1f18290e7cc8:build/intel/mt_obj/chsize.obj:b24f39d5539b
0x16a0e0	___getlocaleinfo	LIBCMT.LIB	HIGH	fid-census:1f18290e7cc8:build/intel/mt_obj/inithelp.obj:f0f1d475df1a
0x16a2a0	_ldexp	LIBCMT.LIB	HIGH	fid-census:1f18290e7cc8:../build/intel/mt_obj/ldexp.obj:9faa2c117a17
0x16a500	___ld12mul	LIBCMT.LIB	HIGH	fid-census:1f18290e7cc8:../build/intel/mt_obj/tenpow.obj:79ae5e2a5115
0x16a7c0	___multtenpow12	LIBCMT.LIB	HIGH	fid-census:1f18290e7cc8:../build/intel/mt_obj/tenpow.obj:79ae5e2a5115
0x16a850	__getpath	LIBCMT.LIB	HIGH	fid-census:1f18290e7cc8:build/intel/mt_obj/getpath.obj:75ab31b6cf8a
0x16a8f0	__spawnve	LIBCMT.LIB	HIGH	fid-census:1f18290e7cc8:build/intel/mt_obj/spawnve.obj:95b33311c905
0x16ab60	__mbsnbicoll	LIBCMT.LIB	HIGH	fid-census:1f18290e7cc8:build/intel/mt_obj/mbsnbico.obj:da4232a51976
0x16aba0	___wtomb_environ	LIBCMT.LIB	HIGH	fid-census:1f18290e7cc8:build/intel/mt_obj/wtombenv.obj:c47c417452d2
0x16ac90	__setmode_lk	LIBCMT.LIB	HIGH	fid-census:1f18290e7cc8:build/intel/mt_obj/setmode.obj:f0013cdb7354
0x16ad00	___crtGetLocaleInfoW	LIBCMT.LIB	HIGH	fid-census:1f18290e7cc8:build/intel/mt_obj/aw_loc.obj:bc62c1a664d4
0x16ae30	___crtGetLocaleInfoA	LIBCMT.LIB	HIGH	fid-census:1f18290e7cc8:build/intel/mt_obj/aw_loc.obj:bc62c1a664d4
0x16afc0	__dospawn	LIBCMT.LIB	HIGH	fid-census:1f18290e7cc8:build/intel/mt_obj/dospawn.obj:941deb7f0516
0x16b250	__cenvarg	LIBCMT.LIB	HIGH	fid-census:1f18290e7cc8:build/intel/mt_obj/cenvarg.obj:81643e7dc9f6
0x16b500	___crtCompareStringW	LIBCMT.LIB	HIGH	fid-census:1f18290e7cc8:build/intel/mt_obj/aw_cmp.obj:93d0f9919a77
0x16b750	___crtCompareStringA	LIBCMT.LIB	HIGH	fid-census:1f18290e7cc8:build/intel/mt_obj/aw_cmp.obj:93d0f9919a77
0x16ba50	___crtsetenv	LIBCMT.LIB	HIGH	fid-census:1f18290e7cc8:build/intel/mt_obj/setenv.obj:f8b8997ef973
0x16bc60	_findenv	LIBCMT.LIB	HIGH	fid-census:1f18290e7cc8:build/intel/mt_obj/setenv.obj:f8b8997ef973
0x16c790	??0fstream@@QAE@XZ	LIBCIMT.LIB	HIGH	fid-census:58518ee872c0:build/intel/mt_obj/fstream.obj:00a3f84a6a01
0x16c880	??0fstream@@QAE@PBDHH@Z	LIBCIMT.LIB	HIGH	fid-census:58518ee872c0:build/intel/mt_obj/fstream.obj:00a3f84a6a01
0x16c990	??0fstream@@QAE@H@Z	LIBCIMT.LIB	HIGH	fid-census:58518ee872c0:build/intel/mt_obj/fstream.obj:00a3f84a6a01
0x16ca50	??0fstream@@QAE@HPADH@Z	LIBCIMT.LIB	HIGH	fid-census:58518ee872c0:build/intel/mt_obj/fstream.obj:00a3f84a6a01
0x16cb40	?setbuf@fstream@@QAEPAVstreambuf@@PADH@Z	LIBCIMT.LIB	HIGH	fid-census:58518ee872c0:build/intel/mt_obj/fstream.obj:00a3f84a6a01
0x16cbf0	?attach@fstream@@QAEXH@Z	LIBCIMT.LIB	HIGH	fid-census:58518ee872c0:build/intel/mt_obj/fstream.obj:00a3f84a6a01
0x16cc90	?open@fstream@@QAEXPBDHH@Z	LIBCIMT.LIB	HIGH	fid-census:58518ee872c0:build/intel/mt_obj/fstream.obj:00a3f84a6a01
0x16cd40	?close@fstream@@QAEXXZ	LIBCIMT.LIB	HIGH	fid-census:58518ee872c0:build/intel/mt_obj/fstream.obj:00a3f84a6a01
0x16ce40	?opfx@ostream@@QAEHXZ	LIBCIMT.LIB	HIGH	fid-census:58518ee872c0:build/intel/mt_obj/ostream.obj:50bedc280081
0x16cec0	?osfx@ostream@@QAEXXZ	LIBCIMT.LIB	HIGH	fid-census:58518ee872c0:build/intel/mt_obj/ostream.obj:50bedc280081
0x16cf90	??6ostream@@QAEAAV0@PBD@Z	LIBCIMT.LIB	HIGH	fid-census:58518ee872c0:build/intel/mt_obj/ostream.obj:50bedc280081
0x16cfc0	?flush@ostream@@QAEAAV1@XZ	LIBCIMT.LIB	HIGH	fid-census:58518ee872c0:build/intel/mt_obj/ostream.obj:50bedc280081
0x16d060	??0ostream@@IAE@XZ	LIBCIMT.LIB	HIGH	fid-census:58518ee872c0:build/intel/mt_obj/ostream.obj:50bedc280081
0x16d0d0	??0ostream@@QAE@PAVstreambuf@@@Z	LIBCIMT.LIB	HIGH	fid-census:58518ee872c0:build/intel/mt_obj/ostream.obj:50bedc280081
0x16d160	??0ostream@@IAE@ABV0@@Z	LIBCIMT.LIB	HIGH	fid-census:58518ee872c0:build/intel/mt_obj/ostream.obj:50bedc280081
0x16d200	??4ostream@@IAEAAV0@PAVstreambuf@@@Z	LIBCIMT.LIB	HIGH	fid-census:58518ee872c0:build/intel/mt_obj/ostream.obj:50bedc280081
0x16d2b0	??0ostream_withassign@@QAE@XZ	LIBCIMT.LIB	HIGH	fid-census:58518ee872c0:build/intel/mt_obj/ostream.obj:50bedc280081
0x16d360	??0ostream_withassign@@QAE@PAVstreambuf@@@Z	LIBCIMT.LIB	HIGH	fid-census:58518ee872c0:build/intel/mt_obj/ostream.obj:50bedc280081
0x16d400	?writepad@ostream@@AAEAAV1@PBD0@Z	LIBCIMT.LIB	HIGH	fid-census:58518ee872c0:build/intel/mt_obj/ostream.obj:50bedc280081
0x16d600	??0ios@@IAE@XZ	LIBCIMT.LIB	HIGH	fid-census:58518ee872c0:build/intel/mt_obj/_ios.obj:f61d1dd17fdb
0x16d690	??0ios@@QAE@PAVstreambuf@@@Z	LIBCIMT.LIB	HIGH	fid-census:58518ee872c0:build/intel/mt_obj/_ios.obj:f61d1dd17fdb
0x16d710	??0ios@@IAE@ABV0@@Z	LIBCIMT.LIB	HIGH	fid-census:58518ee872c0:build/intel/mt_obj/_ios.obj:f61d1dd17fdb
0x16d770	??1ios@@UAE@XZ	LIBCIMT.LIB	HIGH	fid-census:58518ee872c0:build/intel/mt_obj/_ios.obj:f61d1dd17fdb
0x16d7d0	?init@ios@@IAEXPAVstreambuf@@@Z	LIBCIMT.LIB	HIGH	fid-census:58518ee872c0:build/intel/mt_obj/_ios.obj:f61d1dd17fdb
0x16d810	??4ios@@IAEAAV0@ABV0@@Z	LIBCIMT.LIB	HIGH	fid-census:58518ee872c0:build/intel/mt_obj/_ios.obj:f61d1dd17fdb
0x16d850	?xalloc@ios@@SAHXZ	LIBCIMT.LIB	HIGH	fid-census:58518ee872c0:build/intel/mt_obj/_ios.obj:f61d1dd17fdb
0x16d8a0	?bitalloc@ios@@SAJXZ	LIBCIMT.LIB	HIGH	fid-census:58518ee872c0:build/intel/mt_obj/_ios.obj:f61d1dd17fdb
0x16d8d0	??0iostream@@IAE@XZ	LIBCIMT.LIB	HIGH	fid-census:58518ee872c0:build/intel/mt_obj/_iostrea.obj:b357ceb1e37b
0x16d9b0	??0iostream@@QAE@PAVstreambuf@@@Z	LIBCIMT.LIB	HIGH	fid-census:58518ee872c0:build/intel/mt_obj/_iostrea.obj:b357ceb1e37b
0x16da50	??0iostream@@IAE@ABV0@@Z	LIBCIMT.LIB	HIGH	fid-census:58518ee872c0:build/intel/mt_obj/_iostrea.obj:b357ceb1e37b
0x16db00	??1iostream@@UAE@XZ	LIBCIMT.LIB	HIGH	fid-census:58518ee872c0:build/intel/mt_obj/_iostrea.obj:b357ceb1e37b
0x16db70	??0filebuf@@QAE@XZ	LIBCIMT.LIB	HIGH	fid-census:58518ee872c0:build/intel/mt_obj/filebuf.obj:99d60b89dd19
0x16dbb0	??0filebuf@@QAE@H@Z	LIBCIMT.LIB	HIGH	fid-census:58518ee872c0:build/intel/mt_obj/filebuf.obj:99d60b89dd19
0x16dbe0	??0filebuf@@QAE@HPADH@Z	LIBCIMT.LIB	HIGH	fid-census:58518ee872c0:build/intel/mt_obj/filebuf.obj:99d60b89dd19
0x16dc50	??1filebuf@@UAE@XZ	LIBCIMT.LIB	HIGH	fid-census:58518ee872c0:build/intel/mt_obj/filebuf.obj:99d60b89dd19
0x16dcd0	?close@filebuf@@QAEPAV1@XZ	LIBCIMT.LIB	HIGH	fid-census:58518ee872c0:build/intel/mt_obj/filebuf.obj:99d60b89dd19
0x16dd50	?overflow@filebuf@@UAEHH@Z	LIBCIMT.LIB	HIGH	fid-census:58518ee872c0:build/intel/mt_obj/filebuf.obj:99d60b89dd19
0x16dde0	?underflow@filebuf@@UAEHXZ	LIBCIMT.LIB	HIGH	fid-census:58518ee872c0:build/intel/mt_obj/filebuf.obj:99d60b89dd19
0x16dea0	?seekoff@filebuf@@UAEJJW4seek_dir@ios@@H@Z	LIBCIMT.LIB	HIGH	fid-census:58518ee872c0:build/intel/mt_obj/filebuf.obj:99d60b89dd19
0x16def0	?sync@filebuf@@UAEHXZ	LIBCIMT.LIB	HIGH	fid-census:58518ee872c0:build/intel/mt_obj/filebuf.obj:99d60b89dd19
0x16dff0	?setbuf@filebuf@@UAEPAVstreambuf@@PADH@Z	LIBCIMT.LIB	HIGH	fid-census:58518ee872c0:build/intel/mt_obj/filebuf.obj:99d60b89dd19
0x16e070	?attach@filebuf@@QAEPAV1@H@Z	LIBCIMT.LIB	HIGH	fid-census:58518ee872c0:build/intel/mt_obj/filebuf1.obj:2374abcb26ff
0x16e0f0	?open@filebuf@@QAEPAV1@PBDHH@Z	LIBCIMT.LIB	HIGH	fid-census:58518ee872c0:build/intel/mt_obj/filebuf1.obj:2374abcb26ff
0x16e290	?setmode@filebuf@@QAEHH@Z	LIBCIMT.LIB	HIGH	fid-census:58518ee872c0:build/intel/mt_obj/filebuf1.obj:2374abcb26ff
0x16e350	??0istream@@IAE@XZ	LIBCIMT.LIB	HIGH	fid-census:58518ee872c0:build/intel/mt_obj/istream.obj:c312193e00cc
0x16e3e0	??0istream@@QAE@PAVstreambuf@@@Z	LIBCIMT.LIB	HIGH	fid-census:58518ee872c0:build/intel/mt_obj/istream.obj:c312193e00cc
0x16e480	??0istream@@IAE@ABV0@@Z	LIBCIMT.LIB	HIGH	fid-census:58518ee872c0:build/intel/mt_obj/istream.obj:c312193e00cc
0x16e530	??4istream@@IAEAAV0@PAVstreambuf@@@Z	LIBCIMT.LIB	HIGH	fid-census:58518ee872c0:build/intel/mt_obj/istream.obj:c312193e00cc
0x16e5f0	?ipfx@istream@@QAEHH@Z	LIBCIMT.LIB	HIGH	fid-census:58518ee872c0:build/intel/mt_obj/istream.obj:c312193e00cc
0x16e6f0	??5istream@@QAEAAV0@PAD@Z	LIBCIMT.LIB	HIGH	fid-census:58518ee872c0:build/intel/mt_obj/istream.obj:c312193e00cc
0x16e810	?peek@istream@@QAEHXZ	LIBCIMT.LIB	HIGH	fid-census:58518ee872c0:build/intel/mt_obj/istream.obj:c312193e00cc
0x16e880	?putback@istream@@QAEAAV1@D@Z	LIBCIMT.LIB	HIGH	fid-census:58518ee872c0:build/intel/mt_obj/istream.obj:c312193e00cc
0x16e940	?sync@istream@@QAEHXZ	LIBCIMT.LIB	HIGH	fid-census:58518ee872c0:build/intel/mt_obj/istream.obj:c312193e00cc
0x16e9e0	?eatwhite@istream@@QAEXXZ	LIBCIMT.LIB	HIGH	fid-census:58518ee872c0:build/intel/mt_obj/istream.obj:c312193e00cc
0x16ea90	??0istream_withassign@@QAE@XZ	LIBCIMT.LIB	HIGH	fid-census:58518ee872c0:build/intel/mt_obj/istream.obj:c312193e00cc
0x16eb40	??0istream_withassign@@QAE@PAVstreambuf@@@Z	LIBCIMT.LIB	HIGH	fid-census:58518ee872c0:build/intel/mt_obj/istream.obj:c312193e00cc
0x16ebe0	??0streambuf@@IAE@XZ	LIBCIMT.LIB	HIGH	fid-census:58518ee872c0:build/intel/mt_obj/streamb.obj:be1ec632d250
0x16ec50	??0streambuf@@IAE@PADH@Z	LIBCIMT.LIB	HIGH	fid-census:58518ee872c0:build/intel/mt_obj/streamb.obj:be1ec632d250
0x16ecc0	??1streambuf@@UAE@XZ	LIBCIMT.LIB	HIGH	fid-census:58518ee872c0:build/intel/mt_obj/streamb.obj:be1ec632d250
0x16ed00	?setbuf@streambuf@@UAEPAV1@PADH@Z	LIBCIMT.LIB	HIGH	fid-census:58518ee872c0:build/intel/mt_obj/streamb.obj:be1ec632d250
0x16ed40	?xsputn@streambuf@@UAEHPBDH@Z	LIBCIMT.LIB	HIGH	fid-census:58518ee872c0:build/intel/mt_obj/streamb.obj:be1ec632d250
0x16eda0	?xsgetn@streambuf@@UAEHPADH@Z	LIBCIMT.LIB	HIGH	fid-census:58518ee872c0:build/intel/mt_obj/streamb.obj:be1ec632d250
0x16ee90	?sync@streambuf@@UAEHXZ	LIBCIMT.LIB	HIGH	fid-census:58518ee872c0:build/intel/mt_obj/streamb.obj:be1ec632d250
0x16eeb0	?allocate@streambuf@@IAEHXZ	LIBCIMT.LIB	HIGH	fid-census:58518ee872c0:build/intel/mt_obj/streamb.obj:be1ec632d250
0x16eed0	?doallocate@streambuf@@MAEHXZ	LIBCIMT.LIB	HIGH	fid-census:58518ee872c0:build/intel/mt_obj/streamb.obj:be1ec632d250
0x16ef10	?setb@streambuf@@IAEXPAD0H@Z	LIBCIMT.LIB	HIGH	fid-census:58518ee872c0:build/intel/mt_obj/streamb.obj:be1ec632d250
0x16ef60	?seekpos@streambuf@@UAEJJH@Z	LIBCIMT.LIB	HIGH	fid-census:58518ee872c0:build/intel/mt_obj/streamb.obj:be1ec632d250
0x16ef80	?pbackfail@streambuf@@UAEHH@Z	LIBCIMT.LIB	HIGH	fid-census:58518ee872c0:build/intel/mt_obj/streamb.obj:be1ec632d250
0x16eff0	?snextc@streambuf@@QAEHXZ	LIBCIMT.LIB	HIGH	fid-census:58518ee872c0:build/intel/mt_obj/streamb1.obj:35c8f198f43c
0x16f050	?sbumpc@streambuf@@QAEHXZ	LIBCIMT.LIB	HIGH	fid-census:58518ee872c0:build/intel/mt_obj/streamb1.obj:35c8f198f43c
0x16f0a0	?stossc@streambuf@@QAEXXZ	LIBCIMT.LIB	HIGH	fid-census:58518ee872c0:build/intel/mt_obj/streamb1.obj:35c8f198f43c
0x16f0f0	?sgetc@streambuf@@QAEHXZ	LIBCIMT.LIB	HIGH	fid-census:58518ee872c0:build/intel/mt_obj/streamb1.obj:35c8f198f43c
0x16f174	_WinMain@16	NAFXCW.LIB	HIGH	fid-census:70a8d16f09bf:$NW/appmodul.obj:5babe0013ba2
0x16f18c	?AfxInitialize@@YGHHK@Z	NAFXCW.LIB	HIGH	fid-census:70a8d16f09bf:$NW/appmodul.obj:5babe0013ba2
0x16f1aa	??0_AFX_TERM_APP_STATE@@QAE@XZ	NAFXCW.LIB	HIGH	fid-census:70a8d16f09bf:$NW/appmodul.obj:5babe0013ba2
0x16f1f1	??0CString@@QAE@DH@Z	NAFXCW.LIB	HIGH	fid-census:70a8d16f09bf:$NW/strex.obj:327cb6936b11
0x16f229	??0CString@@QAE@PBDH@Z	NAFXCW.LIB	HIGH	fid-census:70a8d16f09bf:$NW/strex.obj:327cb6936b11
0x16f274	??H@YG?AVCString@@ABV0@D@Z	NAFXCW.LIB	HIGH	fid-census:70a8d16f09bf:$NW/strex.obj:327cb6936b11
0x16f2d6	??H@YG?AVCString@@DABV0@@Z	NAFXCW.LIB	HIGH	fid-census:70a8d16f09bf:$NW/strex.obj:327cb6936b11
0x16f338	?Mid@CString@@QBE?AV1@H@Z	NAFXCW.LIB	HIGH	fid-census:70a8d16f09bf:$NW/strex.obj:327cb6936b11
0x16f35b	?Mid@CString@@QBE?AV1@HH@Z	NAFXCW.LIB	HIGH	fid-census:70a8d16f09bf:$NW/strex.obj:327cb6936b11
0x16f3e6	?Right@CString@@QBE?AV1@H@Z	NAFXCW.LIB	HIGH	fid-census:70a8d16f09bf:$NW/strex.obj:327cb6936b11
0x16f463	?Left@CString@@QBE?AV1@H@Z	NAFXCW.LIB	HIGH	fid-census:70a8d16f09bf:$NW/strex.obj:327cb6936b11
0x16f56e	?FormatV@CString@@IAEXPBDPAD@Z	NAFXCW.LIB	HIGH	fid-census:70a8d16f09bf:$NW/strex.obj:327cb6936b11
0x16f814	?Format@CString@@QAAXPBDZZ	NAFXCW.LIB	HIGH	fid-census:70a8d16f09bf:$NW/strex.obj:327cb6936b11
0x16f827	?Format@CString@@QAAXIZZ	NAFXCW.LIB	HIGH	fid-census:70a8d16f09bf:$NW/strex.obj:327cb6936b11
0x16f93f	?TrimRight@CString@@QAEXXZ	NAFXCW.LIB	HIGH	fid-census:70a8d16f09bf:$NW/strex.obj:327cb6936b11
0x16f988	?TrimLeft@CString@@QAEXXZ	NAFXCW.LIB	HIGH	fid-census:70a8d16f09bf:$NW/strex.obj:327cb6936b11
0x16f9cd	?ConstructElements@@YGXPAVCString@@H@Z	NAFXCW.LIB	HIGH	fid-census:70a8d16f09bf:$NW/strex.obj:327cb6936b11
0x16f9fc	?DestructElements@@YGXPAVCString@@H@Z	NAFXCW.LIB	HIGH	fid-census:70a8d16f09bf:$NW/strex.obj:327cb6936b11
0x16fa20	?CopyElements@@YGXPAVCString@@PBV1@H@Z	NAFXCW.LIB	HIGH	fid-census:70a8d16f09bf:$NW/strex.obj:327cb6936b11
0x16fa4c	?HashKey@@YGIPBG@Z	NAFXCW.LIB	HIGH	fid-census:70a8d16f09bf:$NW/strex.obj:327cb6936b11
0x16fa69	?HashKey@@YGIPBD@Z	NAFXCW.LIB	HIGH	fid-census:70a8d16f09bf:$NW/strex.obj:327cb6936b11
0x16fa8d	?InitString@CSimpleException@@QAEXXZ	NAFXCW.LIB	HIGH	fid-census:70a8d16f09bf:$NW/except.obj:fe91f2dfee2c
0x16fab6	?GetErrorMessage@CSimpleException@@UAEHPADIPAI@Z	NAFXCW.LIB	HIGH	fid-census:70a8d16f09bf:$NW/except.obj:fe91f2dfee2c
0x16fb2f	??0CTime@@QAE@HHHHHHH@Z	NAFXCW.LIB	HIGH	fid-census:70a8d16f09bf:$NW/timecore.obj:410edb874826
0x16fb7b	??0CTime@@QAE@GGH@Z	NAFXCW.LIB	HIGH	fid-census:70a8d16f09bf:$NW/timecore.obj:410edb874826
0x16fbe4	??0CTime@@QAE@ABU_SYSTEMTIME@@H@Z	NAFXCW.LIB	HIGH	fid-census:70a8d16f09bf:$NW/timecore.obj:410edb874826
0x16fc30	??0CTime@@QAE@ABU_FILETIME@@H@Z	NAFXCW.LIB	HIGH	fid-census:70a8d16f09bf:$NW/timecore.obj:410edb874826
0x16fc7c	?GetTickCount@CTime@@SG?AV1@XZ	NAFXCW.LIB	HIGH	fid-census:70a8d16f09bf:$NW/timecore.obj:410edb874826
0x16fc8f	?GetGmtTm@CTime@@QBEPAUtm@@PAU2@@Z	NAFXCW.LIB	HIGH	fid-census:70a8d16f09bf:$NW/timecore.obj:410edb874826
0x16fcbb	?GetLocalTm@CTime@@QBEPAUtm@@PAU2@@Z	NAFXCW.LIB	HIGH	fid-census:70a8d16f09bf:$NW/timecore.obj:410edb874826
0x16fd2a	?Format@CTimeSpan@@QBE?AVCString@@PBD@Z	NAFXCW.LIB	HIGH	fid-census:70a8d16f09bf:$NW/timecore.obj:410edb874826
0x170054	??1CStringArray@@UAE@XZ	NAFXCW.LIB	HIGH	fid-census:70a8d16f09bf:$NW/array_s.obj:8f5d212cc29b
0x170098	?DestructElements@@YAXPAVCString@@H@Z	NAFXCW.LIB	HIGH	fid-census:70a8d16f09bf:$NW/array_s.obj:8f5d212cc29b
0x1700ba	?SetSize@CStringArray@@QAEXHH@Z	NAFXCW.LIB	HIGH	fid-census:70a8d16f09bf:$NW/array_s.obj:8f5d212cc29b
0x1701e0	?ConstructElements@@YAXPAVCString@@H@Z	NAFXCW.LIB	HIGH	fid-census:70a8d16f09bf:$NW/array_s.obj:8f5d212cc29b
0x17020d	?Append@CStringArray@@QAEHABV1@@Z	NAFXCW.LIB	HIGH	fid-census:70a8d16f09bf:$NW/array_s.obj:8f5d212cc29b
0x170243	?CopyElements@@YAXPAVCString@@0H@Z	NAFXCW.LIB	HIGH	fid-census:70a8d16f09bf:$NW/array_s.obj:8f5d212cc29b
0x1702db	?SetAtGrow@CStringArray@@QAEXHPBD@Z	NAFXCW.LIB	HIGH	fid-census:70a8d16f09bf:$NW/array_s.obj:8f5d212cc29b
0x170307	?InsertAt@CStringArray@@QAEXHPBDH@Z	NAFXCW.LIB	HIGH	fid-census:70a8d16f09bf:$NW/array_s.obj:8f5d212cc29b
0x170394	?RemoveAt@CStringArray@@QAEXHH@Z	NAFXCW.LIB	HIGH	fid-census:70a8d16f09bf:$NW/array_s.obj:8f5d212cc29b
0x1703f0	?InsertAt@CStringArray@@QAEXHPAV1@@Z	NAFXCW.LIB	HIGH	fid-census:70a8d16f09bf:$NW/array_s.obj:8f5d212cc29b
0x17048a	?Serialize@CStringArray@@UAEXAAVCArchive@@@Z	NAFXCW.LIB	HIGH	fid-census:70a8d16f09bf:$NW/array_s.obj:8f5d212cc29b
0x170bd9	?Serialize@CDWordArray@@UAEXAAVCArchive@@@Z	NAFXCW.LIB	HIGH	fid-census:70a8d16f09bf:$NW/array_d.obj:565bdd530240
0x170c98	?SetSize@CWordArray@@QAEXHH@Z	NAFXCW.LIB	HIGH	fid-census:70a8d16f09bf:$NW/array_w.obj:8cc6b482e565
0x170db5	?Append@CWordArray@@QAEHABV1@@Z	NAFXCW.LIB	HIGH	fid-census:70a8d16f09bf:$NW/array_w.obj:8cc6b482e565
0x170dee	?Copy@CWordArray@@QAEXABV1@@Z	NAFXCW.LIB	HIGH	fid-census:70a8d16f09bf:$NW/array_w.obj:8cc6b482e565
0x170e19	?FreeExtra@CWordArray@@QAEXXZ	NAFXCW.LIB	HIGH	fid-census:70a8d16f09bf:$NW/array_w.obj:8cc6b482e565
0x170e5d	?SetAtGrow@CWordArray@@QAEXHG@Z	NAFXCW.LIB	HIGH	fid-census:70a8d16f09bf:$NW/array_w.obj:8cc6b482e565
0x170e86	?InsertAt@CWordArray@@QAEXHGH@Z	NAFXCW.LIB	HIGH	fid-census:70a8d16f09bf:$NW/array_w.obj:8cc6b482e565
0x170f15	?RemoveAt@CWordArray@@QAEXHH@Z	NAFXCW.LIB	HIGH	fid-census:70a8d16f09bf:$NW/array_w.obj:8cc6b482e565
0x170f4b	?InsertAt@CWordArray@@QAEXHPAV1@@Z	NAFXCW.LIB	HIGH	fid-census:70a8d16f09bf:$NW/array_w.obj:8cc6b482e565
0x170f93	?Serialize@CWordArray@@UAEXAAVCArchive@@@Z	NAFXCW.LIB	HIGH	fid-census:70a8d16f09bf:$NW/array_w.obj:8cc6b482e565
0x170fe6	?Create@CPlex@@SGPAU1@AAPAU1@II@Z	NAFXCW.LIB	HIGH	fid-census:70a8d16f09bf:$NW/plex.obj:1897917cdf25
0x171006	?FreeDataChain@CPlex@@QAEXXZ	NAFXCW.LIB	HIGH	fid-census:70a8d16f09bf:$NW/plex.obj:1897917cdf25
0x1713f9	?SetSize@CByteArray@@QAEXHH@Z	NAFXCW.LIB	HIGH	fid-census:70a8d16f09bf:$NW/array_b.obj:6f36433374b0
0x1714fa	?Append@CByteArray@@QAEHABV1@@Z	NAFXCW.LIB	HIGH	fid-census:70a8d16f09bf:$NW/array_b.obj:6f36433374b0
0x171557	?FreeExtra@CByteArray@@QAEXXZ	NAFXCW.LIB	HIGH	fid-census:70a8d16f09bf:$NW/array_b.obj:6f36433374b0
0x171596	?SetAtGrow@CByteArray@@QAEXHE@Z	NAFXCW.LIB	HIGH	fid-census:70a8d16f09bf:$NW/array_b.obj:6f36433374b0
0x1715bd	?InsertAt@CByteArray@@QAEXHEH@Z	NAFXCW.LIB	HIGH	fid-census:70a8d16f09bf:$NW/array_b.obj:6f36433374b0
0x171636	?RemoveAt@CByteArray@@QAEXHH@Z	NAFXCW.LIB	HIGH	fid-census:70a8d16f09bf:$NW/array_b.obj:6f36433374b0
0x171668	?InsertAt@CByteArray@@QAEXHPAV1@@Z	NAFXCW.LIB	HIGH	fid-census:70a8d16f09bf:$NW/array_b.obj:6f36433374b0
0x1716ad	?Serialize@CByteArray@@UAEXAAVCArchive@@@Z	NAFXCW.LIB	HIGH	fid-census:70a8d16f09bf:$NW/array_b.obj:6f36433374b0
0x171d0c	?RemoveAll@CMapStringToString@@QAEXXZ	NAFXCW.LIB	HIGH	fid-census:70a8d16f09bf:$NW/map_ss.obj:7e4aa9a53100
0x171d99	?NewAssoc@CMapStringToString@@IAEPAUCAssoc@1@XZ	NAFXCW.LIB	HIGH	fid-census:70a8d16f09bf:$NW/map_ss.obj:7e4aa9a53100
0x171e09	?FreeAssoc@CMapStringToString@@IAEXPAUCAssoc@1@@Z	NAFXCW.LIB	HIGH	fid-census:70a8d16f09bf:$NW/map_ss.obj:7e4aa9a53100
0x171e94	?Lookup@CMapStringToString@@QBEHPBDAAVCString@@@Z	NAFXCW.LIB	HIGH	fid-census:70a8d16f09bf:$NW/map_ss.obj:7e4aa9a53100
0x171fa6	?GetNextAssoc@CMapStringToString@@QBEXAAPAU__POSITION@@AAVCString@@1@Z	NAFXCW.LIB	HIGH	fid-census:70a8d16f09bf:$NW/map_ss.obj:7e4aa9a53100
0x172015	?Serialize@CMapStringToString@@UAEXAAVCArchive@@@Z	NAFXCW.LIB	HIGH	fid-census:70a8d16f09bf:$NW/map_ss.obj:7e4aa9a53100
0x1721e1	?NewAssoc@CMapPtrToPtr@@IAEPAUCAssoc@1@XZ	NAFXCW.LIB	HIGH	fid-census:70a8d16f09bf:$NW/map_pp.obj:7f089669ca44
0x172276	?GetValueAt@CMapPtrToPtr@@QBEPAXPAX@Z	NAFXCW.LIB	HIGH	fid-census:70a8d16f09bf:$NW/map_pp.obj:7f089669ca44
0x17235d	?GetNextAssoc@CMapPtrToPtr@@QBEXAAPAU__POSITION@@AAPAX1@Z	NAFXCW.LIB	HIGH	fid-census:70a8d16f09bf:$NW/map_pp.obj:7f089669ca44
0x172739	?Serialize@CMapStringToOb@@UAEXAAVCArchive@@@Z	NAFXCW.LIB	HIGH	fid-census:70a8d16f09bf:$NW/map_so.obj:26c16686414b
0x172b6f	?IsKindOf@CObject@@QBEHPBUCRuntimeClass@@@Z	NAFXCW.LIB	HIGH	fid-census:70a8d16f09bf:$NW/objcore.obj:e461dcc6fe22
0x172b81	?AfxDynamicDownCast@@YAPAVCObject@@PAUCRuntimeClass@@PAV1@@Z	NAFXCW.LIB	HIGH	fid-census:70a8d16f09bf:$NW/objcore.obj:e461dcc6fe22
0x172ba1	?CreateObject@CRuntimeClass@@QAEPAVCObject@@XZ	NAFXCW.LIB	HIGH	fid-census:70a8d16f09bf:$NW/objcore.obj:e461dcc6fe22
0x172be7	?IsSerializable@CObject@@QBEHXZ	NAFXCW.LIB	HIGH	fid-census:70a8d16f09bf:$NW/objcore.obj:e461dcc6fe22
0x172bfa	??0AFX_CLASSINIT@@QAE@PAUCRuntimeClass@@@Z	NAFXCW.LIB	HIGH	fid-census:70a8d16f09bf:$NW/objcore.obj:e461dcc6fe22
0x172c26	?IsDerivedFrom@CRuntimeClass@@QBEHPBU1@@Z	NAFXCW.LIB	HIGH	fid-census:70a8d16f09bf:$NW/objcore.obj:e461dcc6fe22
0x172c50	?AfxSetNewHandler@@YGP6AHI@ZP6AHI@Z@Z	NAFXCW.LIB	HIGH	fid-census:70a8d16f09bf:$NW/afxmem.obj:687072dc7931
0x172c64	??2@YAPAXI@Z	NAFXCW.LIB	HIGH	fid-census:70a8d16f09bf:$NW/afxmem.obj:687072dc7931
0x172cb1	??0CString@@QAE@XZ	NAFXCW.LIB	HIGH	fid-census:70a8d16f09bf:$NW/strcore.obj:5068fe0cf5a5
0x172cc1	??0CString@@QAE@ABV0@@Z	NAFXCW.LIB	HIGH	fid-census:70a8d16f09bf:$NW/strcore.obj:5068fe0cf5a5
0x172cf8	?AllocBuffer@CString@@IAEXH@Z	NAFXCW.LIB	HIGH	fid-census:70a8d16f09bf:$NW/strcore.obj:5068fe0cf5a5
0x172d32	?Release@CString@@IAEXXZ	NAFXCW.LIB	HIGH	fid-census:70a8d16f09bf:$NW/strcore.obj:5068fe0cf5a5
0x172d64	?Release@CString@@KGXPAUCStringData@@@Z	NAFXCW.LIB	HIGH	fid-census:70a8d16f09bf:$NW/strcore.obj:5068fe0cf5a5
0x172d87	?Empty@CString@@QAEXXZ	NAFXCW.LIB	HIGH	fid-census:70a8d16f09bf:$NW/strcore.obj:5068fe0cf5a5
0x172da5	?CopyBeforeWrite@CString@@IAEXXZ	NAFXCW.LIB	HIGH	fid-census:70a8d16f09bf:$NW/strcore.obj:5068fe0cf5a5
0x172dd3	?AllocBeforeWrite@CString@@IAEXH@Z	NAFXCW.LIB	HIGH	fid-census:70a8d16f09bf:$NW/strcore.obj:5068fe0cf5a5
0x172dfc	??1CString@@QAE@XZ	NAFXCW.LIB	HIGH	fid-census:70a8d16f09bf:$NW/strcore.obj:5068fe0cf5a5
0x172e25	?AllocCopy@CString@@IBEXAAV1@HHH@Z	NAFXCW.LIB	HIGH	fid-census:70a8d16f09bf:$NW/strcore.obj:5068fe0cf5a5
0x172e6a	??0CString@@QAE@PBD@Z	NAFXCW.LIB	HIGH	fid-census:70a8d16f09bf:$NW/strcore.obj:5068fe0cf5a5
0x172ec8	??0CString@@QAE@PBG@Z	NAFXCW.LIB	HIGH	fid-census:70a8d16f09bf:$NW/strcore.obj:5068fe0cf5a5
0x172f16	?AssignCopy@CString@@IAEXHPBD@Z	NAFXCW.LIB	HIGH	fid-census:70a8d16f09bf:$NW/strcore.obj:5068fe0cf5a5
0x172f43	??4CString@@QAEABV0@ABV0@@Z	NAFXCW.LIB	HIGH	fid-census:70a8d16f09bf:$NW/strcore.obj:5068fe0cf5a5
0x172fb9	??4CString@@QAEABV0@PBG@Z	NAFXCW.LIB	HIGH	fid-census:70a8d16f09bf:$NW/strcore.obj:5068fe0cf5a5
0x172ffa	?ConcatCopy@CString@@IAEXHPBDH0@Z	NAFXCW.LIB	HIGH	fid-census:70a8d16f09bf:$NW/strcore.obj:5068fe0cf5a5
0x173039	??H@YG?AVCString@@ABV0@0@Z	NAFXCW.LIB	HIGH	fid-census:70a8d16f09bf:$NW/strcore.obj:5068fe0cf5a5
0x17309f	??H@YG?AVCString@@ABV0@PBD@Z	NAFXCW.LIB	HIGH	fid-census:70a8d16f09bf:$NW/strcore.obj:5068fe0cf5a5
0x173113	??H@YG?AVCString@@PBDABV0@@Z	NAFXCW.LIB	HIGH	fid-census:70a8d16f09bf:$NW/strcore.obj:5068fe0cf5a5
0x173187	?ConcatInPlace@CString@@IAEXHPBD@Z	NAFXCW.LIB	HIGH	fid-census:70a8d16f09bf:$NW/strcore.obj:5068fe0cf5a5
0x173222	??YCString@@QAEABV0@ABV0@@Z	NAFXCW.LIB	HIGH	fid-census:70a8d16f09bf:$NW/strcore.obj:5068fe0cf5a5
0x17323a	?GetBuffer@CString@@QAEPADH@Z	NAFXCW.LIB	HIGH	fid-census:70a8d16f09bf:$NW/strcore.obj:5068fe0cf5a5
0x173289	?ReleaseBuffer@CString@@QAEXH@Z	NAFXCW.LIB	HIGH	fid-census:70a8d16f09bf:$NW/strcore.obj:5068fe0cf5a5
0x1732b1	?GetBufferSetLength@CString@@QAEPADH@Z	NAFXCW.LIB	HIGH	fid-census:70a8d16f09bf:$NW/strcore.obj:5068fe0cf5a5
0x1732d1	?FreeExtra@CString@@QAEXXZ	NAFXCW.LIB	HIGH	fid-census:70a8d16f09bf:$NW/strcore.obj:5068fe0cf5a5
0x173304	?LockBuffer@CString@@QAEPADXZ	NAFXCW.LIB	HIGH	fid-census:70a8d16f09bf:$NW/strcore.obj:5068fe0cf5a5
0x173316	?UnlockBuffer@CString@@QAEXXZ	NAFXCW.LIB	HIGH	fid-census:70a8d16f09bf:$NW/strcore.obj:5068fe0cf5a5
0x1733a0	?SetAt@CString@@QAEXHD@Z	NAFXCW.LIB	HIGH	fid-census:70a8d16f09bf:$NW/strcore.obj:5068fe0cf5a5
0x1733e1	?_wcstombsz@@YAHPADPBGI@Z	NAFXCW.LIB	HIGH	fid-census:70a8d16f09bf:$NW/strcore.obj:5068fe0cf5a5
0x173417	?_mbstowcsz@@YAHPAGPBDI@Z	NAFXCW.LIB	HIGH	fid-census:70a8d16f09bf:$NW/strcore.obj:5068fe0cf5a5
0x17344c	?AfxA2WHelper@@YGPAGPAGPBDH@Z	NAFXCW.LIB	HIGH	fid-census:70a8d16f09bf:$NW/strcore.obj:5068fe0cf5a5
0x173475	?AfxW2AHelper@@YGPADPADPBGH@Z	NAFXCW.LIB	HIGH	fid-census:70a8d16f09bf:$NW/strcore.obj:5068fe0cf5a5
0x17349f	?_AfxThreadEntry@@YGIPAX@Z	NAFXCW.LIB	HIGH	fid-census:70a8d16f09bf:$NW/thrdcore.obj:ee5628589eb2
0x1735d6	?AfxGetThread@@YGPAVCWinThread@@XZ	NAFXCW.LIB	HIGH	fid-census:70a8d16f09bf:$NW/thrdcore.obj:ee5628589eb2
0x1735eb	?AfxBeginThread@@YGPAVCWinThread@@P6AIPAX@Z0HIKPAU_SECURITY_ATTRIBUTES@@@Z	NAFXCW.LIB	HIGH	fid-census:70a8d16f09bf:$NW/thrdcore.obj:ee5628589eb2
0x17366f	?AfxBeginThread@@YGPAVCWinThread@@PAUCRuntimeClass@@HIKPAU_SECURITY_ATTRIBUTES@@@Z	NAFXCW.LIB	HIGH	fid-census:70a8d16f09bf:$NW/thrdcore.obj:ee5628589eb2
0x1736d1	?AfxEndThread@@YGXIH@Z	NAFXCW.LIB	HIGH	fid-census:70a8d16f09bf:$NW/thrdcore.obj:ee5628589eb2
0x173719	?AfxInitThread@@YGXXZ	NAFXCW.LIB	HIGH	fid-census:70a8d16f09bf:$NW/thrdcore.obj:ee5628589eb2
0x173778	?AfxTermThread@@YGXPAUHINSTANCE__@@@Z	NAFXCW.LIB	HIGH	fid-census:70a8d16f09bf:$NW/thrdcore.obj:ee5628589eb2
0x1737dc	?CreateThread@CWinThread@@QAEHKIPAU_SECURITY_ATTRIBUTES@@@Z	NAFXCW.LIB	HIGH	fid-census:70a8d16f09bf:$NW/thrdcore.obj:ee5628589eb2
0x1738d2	?Delete@CWinThread@@UAEXXZ	NAFXCW.LIB	HIGH	fid-census:70a8d16f09bf:$NW/thrdcore.obj:ee5628589eb2
0x1738e7	?Run@CWinThread@@UAEHXZ	NAFXCW.LIB	HIGH	fid-census:70a8d16f09bf:$NW/thrdcore.obj:ee5628589eb2
0x173966	?IsIdleMessage@CWinThread@@UAEHPAUtagMSG@@@Z	NAFXCW.LIB	HIGH	fid-census:70a8d16f09bf:$NW/thrdcore.obj:ee5628589eb2
0x1739c5	?OnIdle@CWinThread@@UAEHJ@Z	NAFXCW.LIB	HIGH	fid-census:70a8d16f09bf:$NW/thrdcore.obj:ee5628589eb2
0x173adc	?DispatchThreadMessageEx@CWinThread@@IAEHPAUtagMSG@@@Z	NAFXCW.LIB	HIGH	fid-census:70a8d16f09bf:$NW/thrdcore.obj:ee5628589eb2
0x173b55	?PreTranslateMessage@CWinThread@@UAEHPAUtagMSG@@@Z	NAFXCW.LIB	HIGH	fid-census:70a8d16f09bf:$NW/thrdcore.obj:ee5628589eb2
0x173c3a	?ProcessWndProcException@CWinThread@@UAEJPAVCException@@PBUtagMSG@@@Z	NAFXCW.LIB	HIGH	fid-census:70a8d16f09bf:$NW/thrdcore.obj:ee5628589eb2
0x173c5f	?_AfxMsgFilterHook@@YGJHIJ@Z	NAFXCW.LIB	HIGH	fid-census:70a8d16f09bf:$NW/thrdcore.obj:ee5628589eb2
0x173cb7	?ProcessMessageFilter@CWinThread@@UAEHHPAUtagMSG@@@Z	NAFXCW.LIB	HIGH	fid-census:70a8d16f09bf:$NW/thrdcore.obj:ee5628589eb2
0x173dfe	?IsHelpKey@@YGHPAUtagMSG@@@Z	NAFXCW.LIB	HIGH	fid-census:70a8d16f09bf:$NW/thrdcore.obj:ee5628589eb2
0x173e49	?GetMainWnd@CWinThread@@UAEPAVCWnd@@XZ	NAFXCW.LIB	HIGH	fid-census:70a8d16f09bf:$NW/thrdcore.obj:ee5628589eb2
0x173e64	?PumpMessage@CWinThread@@UAEHXZ	NAFXCW.LIB	HIGH	fid-census:70a8d16f09bf:$NW/thrdcore.obj:ee5628589eb2
0x173ea4	??0CFile@@QAE@XZ	NAFXCW.LIB	HIGH	fid-census:70a8d16f09bf:$NW/filecore.obj:cb31699a8528
0x173f00	??0CFile@@QAE@H@Z	NAFXCW.LIB	HIGH	fid-census:70a8d16f09bf:$NW/filecore.obj:cb31699a8528
0x173f44	??0CFile@@QAE@PBDI@Z	NAFXCW.LIB	HIGH	fid-census:70a8d16f09bf:$NW/filecore.obj:cb31699a8528
0x173fee	??1CFile@@UAE@XZ	NAFXCW.LIB	HIGH	fid-census:70a8d16f09bf:$NW/filecore.obj:cb31699a8528
0x17403c	?Duplicate@CFile@@UBEPAV1@XZ	NAFXCW.LIB	HIGH	fid-census:70a8d16f09bf:$NW/filecore.obj:cb31699a8528
0x1740cd	?Open@CFile@@UAEHPBDIPAVCFileException@@@Z	NAFXCW.LIB	HIGH	fid-census:70a8d16f09bf:$NW/filecore.obj:cb31699a8528
0x1741f5	?Read@CFile@@UAEIPAXI@Z	NAFXCW.LIB	HIGH	fid-census:70a8d16f09bf:$NW/filecore.obj:cb31699a8528
0x17422f	?Write@CFile@@UAEXPBXI@Z	NAFXCW.LIB	HIGH	fid-census:70a8d16f09bf:$NW/filecore.obj:cb31699a8528
0x17427a	?Seek@CFile@@UAEJJI@Z	NAFXCW.LIB	HIGH	fid-census:70a8d16f09bf:$NW/filecore.obj:cb31699a8528
0x1742a9	?GetPosition@CFile@@UBEKXZ	NAFXCW.LIB	HIGH	fid-census:70a8d16f09bf:$NW/filecore.obj:cb31699a8528
0x1742d2	?Flush@CFile@@UAEXXZ	NAFXCW.LIB	HIGH	fid-census:70a8d16f09bf:$NW/filecore.obj:cb31699a8528
0x1742f3	?Close@CFile@@UAEXXZ	NAFXCW.LIB	HIGH	fid-census:70a8d16f09bf:$NW/filecore.obj:cb31699a8528
0x174334	?Abort@CFile@@UAEXXZ	NAFXCW.LIB	HIGH	fid-census:70a8d16f09bf:$NW/filecore.obj:cb31699a8528
0x1743a6	?SetLength@CFile@@UAEXK@Z	NAFXCW.LIB	HIGH	fid-census:70a8d16f09bf:$NW/filecore.obj:cb31699a8528
0x1743d2	?GetLength@CFile@@UBEKXZ	NAFXCW.LIB	HIGH	fid-census:70a8d16f09bf:$NW/filecore.obj:cb31699a8528
0x174404	?Rename@CFile@@SGXPBD0@Z	NAFXCW.LIB	HIGH	fid-census:70a8d16f09bf:$NW/filecore.obj:cb31699a8528
0x174426	?Remove@CFile@@SGXPBD@Z	NAFXCW.LIB	HIGH	fid-census:70a8d16f09bf:$NW/filecore.obj:cb31699a8528
0x174452	?CreateInstance@AFX_COM@@QAEJABU_GUID@@PAUIUnknown@@0PAPAX@Z	NAFXCW.LIB	HIGH	fid-census:70a8d16f09bf:$NW/filecore.obj:cb31699a8528
0x174494	?GetClassObject@AFX_COM@@QAEJABU_GUID@@0PAPAX@Z	NAFXCW.LIB	HIGH	fid-census:70a8d16f09bf:$NW/filecore.obj:cb31699a8528
0x174560	?AfxStringFromCLSID@@YG?AVCString@@ABU_GUID@@@Z	NAFXCW.LIB	HIGH	fid-census:70a8d16f09bf:$NW/filecore.obj:cb31699a8528
0x1747c5	?AfxFullPath@@YGHPADPBD@Z	NAFXCW.LIB	HIGH	fid-census:70a8d16f09bf:$NW/filecore.obj:cb31699a8528
0x17489e	?AfxGetRoot@@YGXPBDAAVCString@@@Z	NAFXCW.LIB	HIGH	fid-census:70a8d16f09bf:$NW/filecore.obj:cb31699a8528
0x174964	?AfxComparePath@@YGHPBD0@Z	NAFXCW.LIB	HIGH	fid-census:70a8d16f09bf:$NW/filecore.obj:cb31699a8528
0x174a27	?AfxGetFileTitle@@YGIPBDPADI@Z	NAFXCW.LIB	HIGH	fid-census:70a8d16f09bf:$NW/filecore.obj:cb31699a8528
0x174a7d	?AfxGetModuleShortFileName@@YGXPAUHINSTANCE__@@AAVCString@@@Z	NAFXCW.LIB	HIGH	fid-census:70a8d16f09bf:$NW/filecore.obj:cb31699a8528
0x174ad7	??0CException@@QAE@XZ	NAFXCW.LIB	HIGH	fid-census:70a8d16f09bf:$NW/except.obj:fe91f2dfee2c
0x174af9	?Delete@CException@@QAEXXZ	NAFXCW.LIB	HIGH	fid-census:70a8d16f09bf:$NW/except.obj:fe91f2dfee2c
0x174b0b	?GetErrorMessage@CException@@UAEHPADIPAI@Z	NAFXCW.LIB	HIGH	fid-census:70a8d16f09bf:$NW/except.obj:fe91f2dfee2c
0x174b2c	?ReportError@CException@@UAEHII@Z	NAFXCW.LIB	HIGH	fid-census:70a8d16f09bf:$NW/except.obj:fe91f2dfee2c
0x174b81	??0AFX_EXCEPTION_LINK@@QAE@XZ	NAFXCW.LIB	HIGH	fid-census:70a8d16f09bf:$NW/except.obj:fe91f2dfee2c
0x174b97	?AfxGetExceptionContext@@YAPAUAFX_EXCEPTION_CONTEXT@@XZ	NAFXCW.LIB	HIGH	fid-census:70a8d16f09bf:$NW/except.obj:fe91f2dfee2c
0x174bbf	?AfxTryCleanup@@YGXXZ	NAFXCW.LIB	HIGH	fid-census:70a8d16f09bf:$NW/except.obj:fe91f2dfee2c
0x174bdd	?AfxThrowLastCleanup@@YGXXZ	NAFXCW.LIB	HIGH	fid-census:70a8d16f09bf:$NW/except.obj:fe91f2dfee2c
0x174bf3	?Run@CWinApp@@UAEHXZ	NAFXCW.LIB	HIGH	fid-census:70a8d16f09bf:$NW/appcore.obj:24db3ccdff5e
0x174c15	?WinHelpA@CWinApp@@UAEXKI@Z	NAFXCW.LIB	HIGH	fid-census:70a8d16f09bf:$NW/appcore.obj:24db3ccdff5e
0x174c4c	?ProcessWndProcException@CWinApp@@UAEJPAVCException@@PBUtagMSG@@@Z	NAFXCW.LIB	HIGH	fid-census:70a8d16f09bf:$NW/appcore.obj:24db3ccdff5e
0x174cc3	?OnIdle@CWinApp@@UAEHJ@Z	NAFXCW.LIB	HIGH	fid-census:70a8d16f09bf:$NW/appcore.obj:24db3ccdff5e
0x174d29	?DevModeChange@CWinApp@@QAEXPAD@Z	NAFXCW.LIB	HIGH	fid-census:70a8d16f09bf:$NW/appcore.obj:24db3ccdff5e
0x174dd6	??0CCmdTarget@@QAE@XZ	NAFXCW.LIB	HIGH	fid-census:70a8d16f09bf:$NW/cmdtarg.obj:b8daad7ff937
0x174e12	??1CCmdTarget@@UAE@XZ	NAFXCW.LIB	HIGH	fid-census:70a8d16f09bf:$NW/cmdtarg.obj:b8daad7ff937
0x174e4d	?OnCmdMsg@CCmdTarget@@UAEHIHPAXPAUAFX_CMDHANDLERINFO@@@Z	NAFXCW.LIB	HIGH	fid-census:70a8d16f09bf:$NW/cmdtarg.obj:b8daad7ff937
0x174f65	?DispatchCmdMsg@@YAHPAVCCmdTarget@@IHP81@AEXXZPAXIPAUAFX_CMDHANDLERINFO@@@Z	NAFXCW.LIB	HIGH	fid-census:70a8d16f09bf:$NW/cmdtarg.obj:b8daad7ff937
0x1750ad	?BeginWaitCursor@CCmdTarget@@QAEXXZ	NAFXCW.LIB	HIGH	fid-census:70a8d16f09bf:$NW/cmdtarg.obj:b8daad7ff937
0x1750c2	?EndWaitCursor@CCmdTarget@@QAEXXZ	NAFXCW.LIB	HIGH	fid-census:70a8d16f09bf:$NW/cmdtarg.obj:b8daad7ff937
0x1750d7	?RestoreWaitCursor@CCmdTarget@@QAEXXZ	NAFXCW.LIB	HIGH	fid-census:70a8d16f09bf:$NW/cmdtarg.obj:b8daad7ff937
0x175104	?OnFinalRelease@CCmdTarget@@UAEXXZ	NAFXCW.LIB	HIGH	fid-census:70a8d16f09bf:$NW/cmdtarg.obj:b8daad7ff937
0x17516d	??0CCmdUI@@QAE@XZ	NAFXCW.LIB	HIGH	fid-census:70a8d16f09bf:$NW/cmdtarg.obj:b8daad7ff937
0x175193	?Enable@CCmdUI@@UAEXH@Z	NAFXCW.LIB	HIGH	fid-census:70a8d16f09bf:$NW/cmdtarg.obj:b8daad7ff937
0x175223	?SetCheck@CCmdUI@@UAEXH@Z	NAFXCW.LIB	HIGH	fid-census:70a8d16f09bf:$NW/cmdtarg.obj:b8daad7ff937
0x175285	?SetRadio@CCmdUI@@UAEXH@Z	NAFXCW.LIB	HIGH	fid-census:70a8d16f09bf:$NW/cmdtarg.obj:b8daad7ff937
0x1752d7	?SetText@CCmdUI@@UAEXPBD@Z	NAFXCW.LIB	HIGH	fid-census:70a8d16f09bf:$NW/cmdtarg.obj:b8daad7ff937
0x17532d	?DoUpdate@CCmdUI@@QAEHPAVCCmdTarget@@H@Z	NAFXCW.LIB	HIGH	fid-census:70a8d16f09bf:$NW/cmdtarg.obj:b8daad7ff937
0x175390	?OnAmbientProperty@CWnd@@UAEHPAVCOleControlSite@@JPAUtagVARIANT@@@Z	NAFXCW.LIB	HIGH	fid-census:70a8d16f09bf:$NW/winocc.obj:4f2b547fd353
0x1753b3	?CheckDlgButton@CWnd@@QAEXHI@Z	NAFXCW.LIB	HIGH	fid-census:70a8d16f09bf:$NW/winocc.obj:4f2b547fd353
0x1753df	?CheckRadioButton@CWnd@@QAEXHHH@Z	NAFXCW.LIB	HIGH	fid-census:70a8d16f09bf:$NW/winocc.obj:4f2b547fd353
0x175411	?GetDlgItem@CWnd@@QBEPAV1@H@Z	NAFXCW.LIB	HIGH	fid-census:70a8d16f09bf:$NW/winocc.obj:4f2b547fd353
0x17543b	?GetDlgItem@CWnd@@QBEXHPAPAUHWND__@@@Z	NAFXCW.LIB	HIGH	fid-census:70a8d16f09bf:$NW/winocc.obj:4f2b547fd353
0x175469	?GetDlgItemInt@CWnd@@QBEIHPAHH@Z	NAFXCW.LIB	HIGH	fid-census:70a8d16f09bf:$NW/winocc.obj:4f2b547fd353
0x17549b	?GetDlgItemTextA@CWnd@@QBEHHPADH@Z	NAFXCW.LIB	HIGH	fid-census:70a8d16f09bf:$NW/winocc.obj:4f2b547fd353
0x1754d0	?SendDlgItemMessageA@CWnd@@QAEJHIIJ@Z	NAFXCW.LIB	HIGH	fid-census:70a8d16f09bf:$NW/winocc.obj:4f2b547fd353
0x17550b	?SetDlgItemInt@CWnd@@QAEXHIH@Z	NAFXCW.LIB	HIGH	fid-census:70a8d16f09bf:$NW/winocc.obj:4f2b547fd353
0x175540	?SetDlgItemTextA@CWnd@@QAEXHPBD@Z	NAFXCW.LIB	HIGH	fid-census:70a8d16f09bf:$NW/winocc.obj:4f2b547fd353
0x17556f	?IsDlgButtonChecked@CWnd@@QBEIH@Z	NAFXCW.LIB	HIGH	fid-census:70a8d16f09bf:$NW/winocc.obj:4f2b547fd353
0x175596	?ScrollWindowEx@CWnd@@QAEHHHPBUtagRECT@@0PAVCRgn@@PAU2@I@Z	NAFXCW.LIB	HIGH	fid-census:70a8d16f09bf:$NW/winocc.obj:4f2b547fd353
0x1755e5	?IsDialogMessageA@CWnd@@QAEHPAUtagMSG@@@Z	NAFXCW.LIB	HIGH	fid-census:70a8d16f09bf:$NW/winocc.obj:4f2b547fd353
0x175618	?GetStyle@CWnd@@QBEKXZ	NAFXCW.LIB	HIGH	fid-census:70a8d16f09bf:$NW/winocc.obj:4f2b547fd353
0x175632	?GetExStyle@CWnd@@QBEKXZ	NAFXCW.LIB	HIGH	fid-census:70a8d16f09bf:$NW/winocc.obj:4f2b547fd353
0x17564c	?ModifyStyle@CWnd@@QAEHKKI@Z	NAFXCW.LIB	HIGH	fid-census:70a8d16f09bf:$NW/winocc.obj:4f2b547fd353
0x175680	?ModifyStyleEx@CWnd@@QAEHKKI@Z	NAFXCW.LIB	HIGH	fid-census:70a8d16f09bf:$NW/winocc.obj:4f2b547fd353
0x1756b4	?SetWindowTextA@CWnd@@QAEXPBD@Z	NAFXCW.LIB	HIGH	fid-census:70a8d16f09bf:$NW/winocc.obj:4f2b547fd353
0x1756db	?GetWindowTextA@CWnd@@QBEHPADH@Z	NAFXCW.LIB	HIGH	fid-census:70a8d16f09bf:$NW/winocc.obj:4f2b547fd353
0x17570a	?GetWindowTextLengthA@CWnd@@QBEHXZ	NAFXCW.LIB	HIGH	fid-census:70a8d16f09bf:$NW/winocc.obj:4f2b547fd353
0x175725	?GetDlgCtrlID@CWnd@@QBEHXZ	NAFXCW.LIB	HIGH	fid-census:70a8d16f09bf:$NW/winocc.obj:4f2b547fd353
0x175740	?SetDlgCtrlID@CWnd@@QAEHH@Z	NAFXCW.LIB	HIGH	fid-census:70a8d16f09bf:$NW/winocc.obj:4f2b547fd353
0x175769	?MoveWindow@CWnd@@QAEXHHHHH@Z	NAFXCW.LIB	HIGH	fid-census:70a8d16f09bf:$NW/winocc.obj:4f2b547fd353
0x1757aa	?SetWindowPos@CWnd@@QAEHPBV1@HHHHI@Z	NAFXCW.LIB	HIGH	fid-census:70a8d16f09bf:$NW/winocc.obj:4f2b547fd353
0x1757f9	?ShowWindow@CWnd@@QAEHH@Z	NAFXCW.LIB	HIGH	fid-census:70a8d16f09bf:$NW/winocc.obj:4f2b547fd353
0x175820	?IsWindowEnabled@CWnd@@QBEHXZ	NAFXCW.LIB	HIGH	fid-census:70a8d16f09bf:$NW/winocc.obj:4f2b547fd353
0x17583b	?EnableWindow@CWnd@@QAEHH@Z	NAFXCW.LIB	HIGH	fid-census:70a8d16f09bf:$NW/winocc.obj:4f2b547fd353
0x175862	?SetFocus@CWnd@@QAEPAV1@XZ	NAFXCW.LIB	HIGH	fid-census:70a8d16f09bf:$NW/winocc.obj:4f2b547fd353
0x175883	?InvokeHelper@CWnd@@QAAXJGGPAXPBEZZ	NAFXCW.LIB	HIGH	fid-census:70a8d16f09bf:$NW/winocc.obj:4f2b547fd353
0x1758aa	?GetProperty@CWnd@@QBEXJGPAX@Z	NAFXCW.LIB	HIGH	fid-census:70a8d16f09bf:$NW/winocc.obj:4f2b547fd353
0x1758cc	?SetProperty@CWnd@@QAAXJGZZ	NAFXCW.LIB	HIGH	fid-census:70a8d16f09bf:$NW/winocc.obj:4f2b547fd353
0x1758ea	?GetDSCCursor@CWnd@@QAEPAUIUnknown@@XZ	NAFXCW.LIB	HIGH	fid-census:70a8d16f09bf:$NW/winocc.obj:4f2b547fd353
0x17590f	?BindDefaultProperty@CWnd@@QAEXJGPBDPAV1@@Z	NAFXCW.LIB	HIGH	fid-census:70a8d16f09bf:$NW/winocc.obj:4f2b547fd353
0x17592d	?BindProperty@CWnd@@QAEXJPAV1@@Z	NAFXCW.LIB	HIGH	fid-census:70a8d16f09bf:$NW/winocc.obj:4f2b547fd353
0x175943	?AttachControlSite@CWnd@@IAEXPAVCHandleMap@@@Z	NAFXCW.LIB	HIGH	fid-census:70a8d16f09bf:$NW/winocc.obj:4f2b547fd353
0x175973	?AttachControlSite@CWnd@@QAEXPAV1@@Z	NAFXCW.LIB	HIGH	fid-census:70a8d16f09bf:$NW/winocc.obj:4f2b547fd353
0x1759b8	?AfxDlgProc@@YGHPAUHWND__@@IIJ@Z	NAFXCW.LIB	HIGH	fid-census:70a8d16f09bf:$NW/dlgcore.obj:e11d83bd34fa
0x1759f8	?PreTranslateMessage@CDialog@@UAEHPAUtagMSG@@@Z	NAFXCW.LIB	HIGH	fid-census:70a8d16f09bf:$NW/dlgcore.obj:e11d83bd34fa
0x175b16	??0CDialog@@QAE@XZ	NAFXCW.LIB	HIGH	fid-census:70a8d16f09bf:$NW/dlgcore.obj:e11d83bd34fa
0x175b92	?Create@CDialog@@QAEHPBDPAVCWnd@@@Z	NAFXCW.LIB	HIGH	fid-census:70a8d16f09bf:$NW/dlgcore.obj:e11d83bd34fa
0x175bf4	?CreateIndirect@CDialog@@IAEHPAXPAVCWnd@@PAUHINSTANCE__@@@Z	NAFXCW.LIB	HIGH	fid-census:70a8d16f09bf:$NW/dlgcore.obj:e11d83bd34fa
0x175c17	?CreateIndirect@CDialog@@QAEHPBUDLGTEMPLATE@@PAVCWnd@@PAX@Z	NAFXCW.LIB	HIGH	fid-census:70a8d16f09bf:$NW/dlgcore.obj:e11d83bd34fa
0x175c2d	?CreateIndirect@CDialog@@IAEHPBUDLGTEMPLATE@@PAVCWnd@@PAXPAUHINSTANCE__@@@Z	NAFXCW.LIB	HIGH	fid-census:70a8d16f09bf:$NW/dlgcore.obj:e11d83bd34fa
0x175c58	?CreateDlg@CWnd@@IAEHPBDPAV1@@Z	NAFXCW.LIB	HIGH	fid-census:70a8d16f09bf:$NW/dlgcore.obj:e11d83bd34fa
0x175cae	?CreateDlgIndirect@CWnd@@IAEHPBUDLGTEMPLATE@@PAV1@PAUHINSTANCE__@@@Z	NAFXCW.LIB	HIGH	fid-census:70a8d16f09bf:$NW/dlgcore.obj:e11d83bd34fa
0x175ede	??0CDialog@@QAE@PBDPAVCWnd@@@Z	NAFXCW.LIB	HIGH	fid-census:70a8d16f09bf:$NW/dlgcore.obj:e11d83bd34fa
0x175f20	??0CDialog@@QAE@IPAVCWnd@@@Z	NAFXCW.LIB	HIGH	fid-census:70a8d16f09bf:$NW/dlgcore.obj:e11d83bd34fa
0x175f59	?InitModalIndirect@CDialog@@QAEHPAXPAVCWnd@@@Z	NAFXCW.LIB	HIGH	fid-census:70a8d16f09bf:$NW/dlgcore.obj:e11d83bd34fa
0x175f73	?InitModalIndirect@CDialog@@QAEHPBUDLGTEMPLATE@@PAVCWnd@@PAX@Z	NAFXCW.LIB	HIGH	fid-census:70a8d16f09bf:$NW/dlgcore.obj:e11d83bd34fa
0x175f94	?PreModal@CDialog@@IAEPAUHWND__@@XZ	NAFXCW.LIB	HIGH	fid-census:70a8d16f09bf:$NW/dlgcore.obj:e11d83bd34fa
0x175fcb	?PostModal@CDialog@@IAEXXZ	NAFXCW.LIB	HIGH	fid-census:70a8d16f09bf:$NW/dlgcore.obj:e11d83bd34fa
0x176009	?DoModal@CDialog@@UAEHXZ	NAFXCW.LIB	HIGH	fid-census:70a8d16f09bf:$NW/dlgcore.obj:e11d83bd34fa
0x17616e	?EndDialog@CDialog@@QAEXH@Z	NAFXCW.LIB	HIGH	fid-census:70a8d16f09bf:$NW/dlgcore.obj:e11d83bd34fa
0x176191	?HandleSetFont@CDialog@@IAEJIJ@Z	NAFXCW.LIB	HIGH	fid-census:70a8d16f09bf:$NW/dlgcore.obj:e11d83bd34fa
0x1761b6	?HandleInitDialog@CDialog@@IAEJIJ@Z	NAFXCW.LIB	HIGH	fid-census:70a8d16f09bf:$NW/dlgcore.obj:e11d83bd34fa
0x17623e	?AfxHelpEnabled@@YGHXZ	NAFXCW.LIB	HIGH	fid-census:70a8d16f09bf:$NW/dlgcore.obj:e11d83bd34fa
0x176295	?OnInitDialog@CDialog@@UAEHXZ	NAFXCW.LIB	HIGH	fid-census:70a8d16f09bf:$NW/dlgcore.obj:e11d83bd34fa
0x1762fa	?OnOK@CDialog@@MAEXXZ	NAFXCW.LIB	HIGH	fid-census:70a8d16f09bf:$NW/dlgcore.obj:e11d83bd34fa
0x17631b	?CheckAutoCenter@CDialog@@UAEHXZ	NAFXCW.LIB	HIGH	fid-census:70a8d16f09bf:$NW/dlgcore.obj:e11d83bd34fa
0x1763ab	?OnCommandHelp@CDialog@@IAEJIJ@Z	NAFXCW.LIB	HIGH	fid-census:70a8d16f09bf:$NW/dlgcore.obj:e11d83bd34fa
0x1763e5	?OnHelpHitTest@CDialog@@IAEJIJ@Z	NAFXCW.LIB	HIGH	fid-census:70a8d16f09bf:$NW/dlgcore.obj:e11d83bd34fa
0x176431	_$E362	NAFXCW.LIB	HIGH	fid-census:70a8d16f09bf:$NW/wincore.obj:3aaf557ee656
0x17646f	_$E368	NAFXCW.LIB	HIGH	fid-census:70a8d16f09bf:$NW/wincore.obj:3aaf557ee656
0x1764ad	_$E373	NAFXCW.LIB	HIGH	fid-census:70a8d16f09bf:$NW/wincore.obj:3aaf557ee656
0x1764eb	_$E378	NAFXCW.LIB	HIGH	fid-census:70a8d16f09bf:$NW/wincore.obj:3aaf557ee656
0x176506	??0CWnd@@QAE@XZ	NAFXCW.LIB	HIGH	fid-census:70a8d16f09bf:$NW/wincore.obj:3aaf557ee656
0x17654c	??0CWnd@@AAE@PAUHWND__@@@Z	NAFXCW.LIB	HIGH	fid-census:70a8d16f09bf:$NW/wincore.obj:3aaf557ee656
0x176580	?ModifyStyle@CWnd@@SGHPAUHWND__@@KKI@Z	NAFXCW.LIB	HIGH	fid-census:70a8d16f09bf:$NW/wincore.obj:3aaf557ee656
0x17659a	?_AfxModifyStyle@@YGHPAUHWND__@@HKKI@Z	NAFXCW.LIB	HIGH	fid-census:70a8d16f09bf:$NW/wincore.obj:3aaf557ee656
0x1765eb	?ModifyStyleEx@CWnd@@SGHPAUHWND__@@KKI@Z	NAFXCW.LIB	HIGH	fid-census:70a8d16f09bf:$NW/wincore.obj:3aaf557ee656
0x176605	?AfxCallWndProc@@YGJPAVCWnd@@PAUHWND__@@IIJ@Z	NAFXCW.LIB	HIGH	fid-census:70a8d16f09bf:$NW/wincore.obj:3aaf557ee656
0x1766f5	?_AfxPreInitDialog@@YGXPAVCWnd@@PAUtagRECT@@PAK@Z	NAFXCW.LIB	HIGH	fid-census:70a8d16f09bf:$NW/wincore.obj:3aaf557ee656
0x176718	?_AfxPostInitDialog@@YGXPAVCWnd@@ABUtagRECT@@K@Z	NAFXCW.LIB	HIGH	fid-census:70a8d16f09bf:$NW/wincore.obj:3aaf557ee656
0x176791	?GetCurrentMessage@CWnd@@KGPBUtagMSG@@XZ	NAFXCW.LIB	HIGH	fid-census:70a8d16f09bf:$NW/wincore.obj:3aaf557ee656
0x1767c6	?Default@CWnd@@IAEJXZ	NAFXCW.LIB	HIGH	fid-census:70a8d16f09bf:$NW/wincore.obj:3aaf557ee656
0x176801	?afxMapHWND@@YAPAVCHandleMap@@H@Z	NAFXCW.LIB	HIGH	fid-census:70a8d16f09bf:$NW/wincore.obj:3aaf557ee656
0x176871	?FromHandle@CWnd@@SGPAV1@PAUHWND__@@@Z	NAFXCW.LIB	HIGH	fid-census:70a8d16f09bf:$NW/wincore.obj:3aaf557ee656
0x1768b5	?Attach@CWnd@@QAEHPAUHWND__@@@Z	NAFXCW.LIB	HIGH	fid-census:70a8d16f09bf:$NW/wincore.obj:3aaf557ee656
0x1768ee	?Detach@CWnd@@QAEPAUHWND__@@XZ	NAFXCW.LIB	HIGH	fid-census:70a8d16f09bf:$NW/wincore.obj:3aaf557ee656
0x17691d	?AfxWndProc@@YGJPAUHWND__@@IIJ@Z	NAFXCW.LIB	HIGH	fid-census:70a8d16f09bf:$NW/wincore.obj:3aaf557ee656
0x176952	?_AfxActivationWndProc@@YGJPAUHWND__@@IIJ@Z	NAFXCW.LIB	HIGH	fid-census:70a8d16f09bf:$NW/wincore.obj:3aaf557ee656
0x176a9f	?_AfxHandleActivate@@YGXPAVCWnd@@I0@Z	NAFXCW.LIB	HIGH	fid-census:70a8d16f09bf:$NW/wincore.obj:3aaf557ee656
0x176b00	?_AfxHandleSetCursor@@YGHPAVCWnd@@II@Z	NAFXCW.LIB	HIGH	fid-census:70a8d16f09bf:$NW/wincore.obj:3aaf557ee656
0x176b78	?_AfxGrayBackgroundWndProc@@YGJPAUHWND__@@IIJ@Z	NAFXCW.LIB	HIGH	fid-census:70a8d16f09bf:$NW/wincore.obj:3aaf557ee656
0x176bf4	?_AfxCbtFilterHook@@YGJHIJ@Z	NAFXCW.LIB	HIGH	fid-census:70a8d16f09bf:$NW/wincore.obj:3aaf557ee656
0x176da5	?AfxHookWindowCreate@@YGXPAVCWnd@@@Z	NAFXCW.LIB	HIGH	fid-census:70a8d16f09bf:$NW/wincore.obj:3aaf557ee656
0x176df1	?AfxUnhookWindowCreate@@YGHXZ	NAFXCW.LIB	HIGH	fid-census:70a8d16f09bf:$NW/wincore.obj:3aaf557ee656
0x176e33	?CreateEx@CWnd@@QAEHKPBD0KABUtagRECT@@PAV1@IPAX@Z	NAFXCW.LIB	HIGH	fid-census:70a8d16f09bf:$NW/wincore.obj:3aaf557ee656
0x176e7a	?CreateEx@CWnd@@QAEHKPBD0KHHHHPAUHWND__@@PAUHMENU__@@PAX@Z	NAFXCW.LIB	HIGH	fid-census:70a8d16f09bf:$NW/wincore.obj:3aaf557ee656
0x176f40	?PreCreateWindow@CWnd@@UAEHAAUtagCREATESTRUCTA@@@Z	NAFXCW.LIB	HIGH	fid-census:70a8d16f09bf:$NW/wincore.obj:3aaf557ee656
0x176f72	?Create@CWnd@@UAEHPBD0KABUtagRECT@@PAV1@IPAUCCreateContext@@@Z	NAFXCW.LIB	HIGH	fid-census:70a8d16f09bf:$NW/wincore.obj:3aaf557ee656
0x176fbe	??1CWnd@@UAE@XZ	NAFXCW.LIB	HIGH	fid-census:70a8d16f09bf:$NW/wincore.obj:3aaf557ee656
0x17703a	?OnDestroy@CWnd@@IAEXXZ	NAFXCW.LIB	HIGH	fid-census:70a8d16f09bf:$NW/wincore.obj:3aaf557ee656
0x177058	?OnNcDestroy@CWnd@@IAEXXZ	NAFXCW.LIB	HIGH	fid-census:70a8d16f09bf:$NW/wincore.obj:3aaf557ee656
0x177170	?OnFinalRelease@CWnd@@UAEXXZ	NAFXCW.LIB	HIGH	fid-census:70a8d16f09bf:$NW/wincore.obj:3aaf557ee656
0x177181	?DestroyWindow@CWnd@@UAEHXZ	NAFXCW.LIB	HIGH	fid-census:70a8d16f09bf:$NW/wincore.obj:3aaf557ee656
0x1771ce	?DefWindowProcA@CWnd@@MAEJIIJ@Z	NAFXCW.LIB	HIGH	fid-census:70a8d16f09bf:$NW/wincore.obj:3aaf557ee656
0x177219	?PreTranslateMessage@CWnd@@UAEHPAUtagMSG@@@Z	NAFXCW.LIB	HIGH	fid-census:70a8d16f09bf:$NW/wincore.obj:3aaf557ee656
0x177238	?CancelToolTips@CWnd@@SGXH@Z	NAFXCW.LIB	HIGH	fid-census:70a8d16f09bf:$NW/wincore.obj:3aaf557ee656
0x177295	?OnToolHitTest@CWnd@@UBEHVCPoint@@PAUtagTOOLINFOA@@@Z	NAFXCW.LIB	HIGH	fid-census:70a8d16f09bf:$NW/wincore.obj:3aaf557ee656
0x177306	?GetWindowTextA@CWnd@@QBEXAAVCString@@@Z	NAFXCW.LIB	HIGH	fid-census:70a8d16f09bf:$NW/wincore.obj:3aaf557ee656
0x17734e	?GetDlgItemTextA@CWnd@@QBEHHAAVCString@@@Z	NAFXCW.LIB	HIGH	fid-census:70a8d16f09bf:$NW/wincore.obj:3aaf557ee656
0x1773ec	?OnDrawItem@CWnd@@IAEXHPAUtagDRAWITEMSTRUCT@@@Z	NAFXCW.LIB	HIGH	fid-census:70a8d16f09bf:$NW/wincore.obj:3aaf557ee656
0x177429	?OnCompareItem@CWnd@@IAEHHPAUtagCOMPAREITEMSTRUCT@@@Z	NAFXCW.LIB	HIGH	fid-census:70a8d16f09bf:$NW/wincore.obj:3aaf557ee656
0x177453	?OnDeleteItem@CWnd@@IAEXHPAUtagDELETEITEMSTRUCT@@@Z	NAFXCW.LIB	HIGH	fid-census:70a8d16f09bf:$NW/wincore.obj:3aaf557ee656
0x1774c9	?TrackPopupMenu@CMenu@@QAEHIHHPAVCWnd@@PBUtagRECT@@@Z	NAFXCW.LIB	HIGH	fid-census:70a8d16f09bf:$NW/wincore.obj:3aaf557ee656
0x17751d	?OnMeasureItem@CWnd@@IAEXHPAUtagMEASUREITEMSTRUCT@@@Z	NAFXCW.LIB	HIGH	fid-census:70a8d16f09bf:$NW/wincore.obj:3aaf557ee656
0x177596	?FindPopupMenuFromID@@YAPAVCMenu@@PAV1@I@Z	NAFXCW.LIB	HIGH	fid-census:70a8d16f09bf:$NW/wincore.obj:3aaf557ee656
0x1775f9	?AfxRegisterClass@@YGHPAUtagWNDCLASSA@@@Z	NAFXCW.LIB	HIGH	fid-census:70a8d16f09bf:$NW/wincore.obj:3aaf557ee656
0x1776a2	?AfxRegisterWndClass@@YGPBDIPAUHICON__@@PAUHBRUSH__@@0@Z	NAFXCW.LIB	HIGH	fid-census:70a8d16f09bf:$NW/wincore.obj:3aaf557ee656
0x177756	?OnNTCtlColor@CWnd@@IAEJIJ@Z	NAFXCW.LIB	HIGH	fid-census:70a8d16f09bf:$NW/wincore.obj:3aaf557ee656
0x177792	?WinHelpA@CWnd@@UAEXKI@Z	NAFXCW.LIB	HIGH	fid-census:70a8d16f09bf:$NW/wincore.obj:3aaf557ee656
0x17787a	?AfxFindMessageEntry@@YGPBUAFX_MSGMAP_ENTRY@@PBU1@III@Z	NAFXCW.LIB	HIGH	fid-census:70a8d16f09bf:$NW/wincore.obj:3aaf557ee656
0x1778ba	?AfxResetMsgCache@@YGXXZ	NAFXCW.LIB	HIGH	fid-census:70a8d16f09bf:$NW/wincore.obj:3aaf557ee656
0x1778cf	?WindowProc@CWnd@@MAEJIIJ@Z	NAFXCW.LIB	HIGH	fid-census:70a8d16f09bf:$NW/wincore.obj:3aaf557ee656
0x177913	?OnWndMsg@CWnd@@MAEHIIJPAJ@Z	NAFXCW.LIB	HIGH	fid-census:70a8d16f09bf:$NW/wincore.obj:3aaf557ee656
0x177e85	??0CTestCmdUI@@QAE@XZ	NAFXCW.LIB	HIGH	fid-census:70a8d16f09bf:$NW/wincore.obj:3aaf557ee656
0x177e9e	?Enable@CTestCmdUI@@UAEXH@Z	NAFXCW.LIB	HIGH	fid-census:70a8d16f09bf:$NW/wincore.obj:3aaf557ee656
0x177eb8	?OnCommand@CWnd@@MAEHIJ@Z	NAFXCW.LIB	HIGH	fid-census:70a8d16f09bf:$NW/wincore.obj:3aaf557ee656
0x177f44	?OnNotify@CWnd@@MAEHIJPAJ@Z	NAFXCW.LIB	HIGH	fid-census:70a8d16f09bf:$NW/wincore.obj:3aaf557ee656
0x177fbe	?GetParentFrame@CWnd@@QBEPAVCFrameWnd@@XZ	NAFXCW.LIB	HIGH	fid-census:70a8d16f09bf:$NW/wincore.obj:3aaf557ee656
0x178002	?AfxGetParentOwner@@YGPAUHWND__@@PAU1@@Z	NAFXCW.LIB	HIGH	fid-census:70a8d16f09bf:$NW/wincore.obj:3aaf557ee656
0x178047	?GetTopLevelParent@CWnd@@QBEPAV1@XZ	NAFXCW.LIB	HIGH	fid-census:70a8d16f09bf:$NW/wincore.obj:3aaf557ee656
0x178073	?GetTopLevelOwner@CWnd@@QBEPAV1@XZ	NAFXCW.LIB	HIGH	fid-census:70a8d16f09bf:$NW/wincore.obj:3aaf557ee656
0x1780a6	?GetParentOwner@CWnd@@QBEPAV1@XZ	NAFXCW.LIB	HIGH	fid-census:70a8d16f09bf:$NW/wincore.obj:3aaf557ee656
0x1780ed	?IsTopParentActive@CWnd@@QBEHXZ	NAFXCW.LIB	HIGH	fid-census:70a8d16f09bf:$NW/wincore.obj:3aaf557ee656
0x178121	?ActivateTopParent@CWnd@@QAEXXZ	NAFXCW.LIB	HIGH	fid-census:70a8d16f09bf:$NW/wincore.obj:3aaf557ee656
0x17815e	?GetTopLevelFrame@CWnd@@QBEPAVCFrameWnd@@XZ	NAFXCW.LIB	HIGH	fid-census:70a8d16f09bf:$NW/wincore.obj:3aaf557ee656
0x1781a2	?GetSafeOwner@CWnd@@SGPAV1@PAV1@PAPAUHWND__@@@Z	NAFXCW.LIB	HIGH	fid-census:70a8d16f09bf:$NW/wincore.obj:3aaf557ee656
0x178242	?GetDescendantWindow@CWnd@@SGPAV1@PAUHWND__@@HH@Z	NAFXCW.LIB	HIGH	fid-census:70a8d16f09bf:$NW/wincore.obj:3aaf557ee656
0x1782bb	?SendMessageToDescendants@CWnd@@SGXPAUHWND__@@IIJHH@Z	NAFXCW.LIB	HIGH	fid-census:70a8d16f09bf:$NW/wincore.obj:3aaf557ee656
0x17836d	?GetScrollPos@CWnd@@QBEHH@Z	NAFXCW.LIB	HIGH	fid-census:70a8d16f09bf:$NW/wincore.obj:3aaf557ee656
0x178395	?SetScrollRange@CWnd@@QAEXHHHH@Z	NAFXCW.LIB	HIGH	fid-census:70a8d16f09bf:$NW/wincore.obj:3aaf557ee656
0x1783f8	?EnableScrollBarCtrl@CWnd@@QAEXHH@Z	NAFXCW.LIB	HIGH	fid-census:70a8d16f09bf:$NW/wincore.obj:3aaf557ee656
0x17843b	?SetScrollInfo@CWnd@@QAEHHPAUtagSCROLLINFO@@H@Z	NAFXCW.LIB	HIGH	fid-census:70a8d16f09bf:$NW/wincore.obj:3aaf557ee656
0x178488	?GetScrollInfo@CWnd@@QAEHHPAUtagSCROLLINFO@@I@Z	NAFXCW.LIB	HIGH	fid-census:70a8d16f09bf:$NW/wincore.obj:3aaf557ee656
0x1784d5	?GetScrollLimit@CWnd@@QAEHH@Z	NAFXCW.LIB	HIGH	fid-census:70a8d16f09bf:$NW/wincore.obj:3aaf557ee656
0x178519	?ScrollWindow@CWnd@@QAEXHHPBUtagRECT@@0@Z	NAFXCW.LIB	HIGH	fid-census:70a8d16f09bf:$NW/wincore.obj:3aaf557ee656
0x1785d6	?RepositionBars@CWnd@@QAEXIIIIPAUtagRECT@@PBU2@H@Z	NAFXCW.LIB	HIGH	fid-census:70a8d16f09bf:$NW/wincore.obj:3aaf557ee656
0x178710	?AfxRepositionWindow@@YGXPAUAFX_SIZEPARENTPARAMS@@PAUHWND__@@PBUtagRECT@@@Z	NAFXCW.LIB	HIGH	fid-census:70a8d16f09bf:$NW/wincore.obj:3aaf557ee656
0x1787aa	?CalcWindowRect@CWnd@@UAEXPAUtagRECT@@I@Z	NAFXCW.LIB	HIGH	fid-census:70a8d16f09bf:$NW/wincore.obj:3aaf557ee656
0x1787d5	?HandleFloatingSysCommand@CWnd@@QAEHIJ@Z	NAFXCW.LIB	HIGH	fid-census:70a8d16f09bf:$NW/wincore.obj:3aaf557ee656
0x17888f	?WalkPreTranslateTree@CWnd@@SGHPAUHWND__@@PAUtagMSG@@@Z	NAFXCW.LIB	HIGH	fid-census:70a8d16f09bf:$NW/wincore.obj:3aaf557ee656
0x1788d1	?SendChildNotifyLastMsg@CWnd@@QAEHPAJ@Z	NAFXCW.LIB	HIGH	fid-census:70a8d16f09bf:$NW/wincore.obj:3aaf557ee656
0x1788fe	?ReflectLastMsg@CWnd@@KGHPAUHWND__@@PAJ@Z	NAFXCW.LIB	HIGH	fid-census:70a8d16f09bf:$NW/wincore.obj:3aaf557ee656
0x1789a2	?OnChildNotify@CWnd@@MAEHIIJPAJ@Z	NAFXCW.LIB	HIGH	fid-census:70a8d16f09bf:$NW/wincore.obj:3aaf557ee656
0x1789fd	?ReflectChildNotify@CWnd@@IAEHIIJPAJ@Z	NAFXCW.LIB	HIGH	fid-census:70a8d16f09bf:$NW/wincore.obj:3aaf557ee656
0x178af3	?OnParentNotify@CWnd@@IAEXIJ@Z	NAFXCW.LIB	HIGH	fid-census:70a8d16f09bf:$NW/wincore.obj:3aaf557ee656
0x178b20	?OnActivateTopLevel@CWnd@@IAEJIJ@Z	NAFXCW.LIB	HIGH	fid-census:70a8d16f09bf:$NW/wincore.obj:3aaf557ee656
0x178b42	?OnSysColorChange@CWnd@@IAEXXZ	NAFXCW.LIB	HIGH	fid-census:70a8d16f09bf:$NW/wincore.obj:3aaf557ee656
0x178bcc	?OnSettingChange@CWnd@@IAEXIPBD@Z	NAFXCW.LIB	HIGH	fid-census:70a8d16f09bf:$NW/wincore.obj:3aaf557ee656
0x178c20	?OnWinIniChange@CWnd@@IAEXPBD@Z	NAFXCW.LIB	HIGH	fid-census:70a8d16f09bf:$NW/wincore.obj:3aaf557ee656
0x178c6c	?OnDevModeChange@CWnd@@IAEXPAD@Z	NAFXCW.LIB	HIGH	fid-census:70a8d16f09bf:$NW/wincore.obj:3aaf557ee656
0x178cc1	?OnHelpInfo@CWnd@@IAEHPAUtagHELPINFO@@@Z	NAFXCW.LIB	HIGH	fid-census:70a8d16f09bf:$NW/wincore.obj:3aaf557ee656
0x178d25	?OnDisplayChange@CWnd@@IAEJIJ@Z	NAFXCW.LIB	HIGH	fid-census:70a8d16f09bf:$NW/wincore.obj:3aaf557ee656
0x178d72	?OnDragList@CWnd@@IAEJIJ@Z	NAFXCW.LIB	HIGH	fid-census:70a8d16f09bf:$NW/wincore.obj:3aaf557ee656
0x178dde	?OnEnterIdle@CWnd@@IAEXIPAV1@@Z	NAFXCW.LIB	HIGH	fid-census:70a8d16f09bf:$NW/wincore.obj:3aaf557ee656
0x178e28	?OnCtlColor@CWnd@@IAEPAUHBRUSH__@@PAVCDC@@PAV1@I@Z	NAFXCW.LIB	HIGH	fid-census:70a8d16f09bf:$NW/wincore.obj:3aaf557ee656
0x178e4f	?OnGrayCtlColor@CWnd@@QAEPAUHBRUSH__@@PAVCDC@@PAV1@I@Z	NAFXCW.LIB	HIGH	fid-census:70a8d16f09bf:$NW/wincore.obj:3aaf557ee656
0x178eb2	?GrayCtlColor@CWnd@@SGHPAUHDC__@@PAUHWND__@@IPAUHBRUSH__@@K@Z	NAFXCW.LIB	HIGH	fid-census:70a8d16f09bf:$NW/wincore.obj:3aaf557ee656
0x178f2f	?UpdateData@CWnd@@QAEHH@Z	NAFXCW.LIB	HIGH	fid-census:70a8d16f09bf:$NW/wincore.obj:3aaf557ee656
0x178fd2	??0CDataExchange@@QAE@PAVCWnd@@H@Z	NAFXCW.LIB	HIGH	fid-census:70a8d16f09bf:$NW/wincore.obj:3aaf557ee656
0x178fe8	?CenterWindow@CWnd@@QAEXPAV1@@Z	NAFXCW.LIB	HIGH	fid-census:70a8d16f09bf:$NW/wincore.obj:3aaf557ee656
0x179161	?ExecuteDlgInit@CWnd@@QAEHPBD@Z	NAFXCW.LIB	HIGH	fid-census:70a8d16f09bf:$NW/wincore.obj:3aaf557ee656
0x1791b1	?ExecuteDlgInit@CWnd@@QAEHPAX@Z	NAFXCW.LIB	HIGH	fid-census:70a8d16f09bf:$NW/wincore.obj:3aaf557ee656
0x17923b	?UpdateDialogControls@CWnd@@QAEXPAVCCmdTarget@@H@Z	NAFXCW.LIB	HIGH	fid-census:70a8d16f09bf:$NW/wincore.obj:3aaf557ee656
0x179340	?PreTranslateInput@CWnd@@QAEHPAUtagMSG@@@Z	NAFXCW.LIB	HIGH	fid-census:70a8d16f09bf:$NW/wincore.obj:3aaf557ee656
0x179370	?RunModalLoop@CWnd@@QAEHK@Z	NAFXCW.LIB	HIGH	fid-census:70a8d16f09bf:$NW/wincore.obj:3aaf557ee656
0x1794d6	?EndModalLoop@CWnd@@UAEXH@Z	NAFXCW.LIB	HIGH	fid-census:70a8d16f09bf:$NW/wincore.obj:3aaf557ee656
0x1794fa	?AfxEndDeferRegisterClass@@YGHF@Z	NAFXCW.LIB	HIGH	fid-census:70a8d16f09bf:$NW/wincore.obj:3aaf557ee656
0x179634	?RegisterWithIcon@@YGHPAUtagWNDCLASSA@@PBDI@Z	NAFXCW.LIB	HIGH	fid-census:70a8d16f09bf:$NW/wincore.obj:3aaf557ee656
0x17967c	?IsTracking@CFrameWnd@@QBEHXZ	NAFXCW.LIB	HIGH	fid-census:70a8d16f09bf:$NW/wincore.obj:3aaf557ee656
0x17969b	?SubclassCtl3d@CWnd@@QAEHH@Z	NAFXCW.LIB	HIGH	fid-census:70a8d16f09bf:$NW/wincore.obj:3aaf557ee656
0x1796e5	?SubclassDlg3d@CWnd@@QAEHK@Z	NAFXCW.LIB	HIGH	fid-census:70a8d16f09bf:$NW/wincore.obj:3aaf557ee656
0x17971a	?DragAcceptFiles@CWnd@@QAEXH@Z	NAFXCW.LIB	HIGH	fid-census:70a8d16f09bf:$NW/wincore.obj:3aaf557ee656
0x17972a	?SubclassWindow@CWnd@@QAEHPAUHWND__@@@Z	NAFXCW.LIB	HIGH	fid-census:70a8d16f09bf:$NW/wincore.obj:3aaf557ee656
0x17976d	?SubclassDlgItem@CWnd@@QAEHIPAV1@@Z	NAFXCW.LIB	HIGH	fid-census:70a8d16f09bf:$NW/wincore.obj:3aaf557ee656
0x1797d4	?UnsubclassWindow@CWnd@@QAEPAUHWND__@@XZ	NAFXCW.LIB	HIGH	fid-census:70a8d16f09bf:$NW/wincore.obj:3aaf557ee656
0x1797fc	?ThrowOsError@CFileException@@SGXJPBD@Z	NAFXCW.LIB	HIGH	fid-census:70a8d16f09bf:$NW/filex.obj:90f253bd3f68
0x17981d	?ThrowErrno@CFileException@@SGXHPBD@Z	NAFXCW.LIB	HIGH	fid-census:70a8d16f09bf:$NW/filex.obj:90f253bd3f68
0x179841	?GetErrorMessage@CFileException@@UAEHPADIPAI@Z	NAFXCW.LIB	HIGH	fid-census:70a8d16f09bf:$NW/filex.obj:90f253bd3f68
0x1798e1	?AfxThrowFileException@@YGXHJPBD@Z	NAFXCW.LIB	HIGH	fid-census:70a8d16f09bf:$NW/filex.obj:90f253bd3f68
0x179962	?ErrnoToException@CFileException@@SGHH@Z	NAFXCW.LIB	HIGH	fid-census:70a8d16f09bf:$NW/filex.obj:90f253bd3f68
0x1799b6	?OsErrorToException@CFileException@@SGHJ@Z	NAFXCW.LIB	HIGH	fid-census:70a8d16f09bf:$NW/filex.obj:90f253bd3f68
0x179cef	?GetFilePath@CFile@@UBE?AVCString@@XZ	NAFXCW.LIB	HIGH	fid-census:70a8d16f09bf:$NW/filest.obj:841f4ccb36bf
0x179d1e	?GetStatus@CFile@@QBEHAAUCFileStatus@@@Z	NAFXCW.LIB	HIGH	fid-census:70a8d16f09bf:$NW/filest.obj:841f4ccb36bf
0x179df8	?GetStatus@CFile@@SGHPBDAAUCFileStatus@@@Z	NAFXCW.LIB	HIGH	fid-census:70a8d16f09bf:$NW/filest.obj:841f4ccb36bf
0x179eaa	?AfxTimeToFileTime@@YAXABVCTime@@PAU_FILETIME@@@Z	NAFXCW.LIB	HIGH	fid-census:70a8d16f09bf:$NW/filest.obj:841f4ccb36bf
0x179f59	?SetStatus@CFile@@SGXPBDABUCFileStatus@@@Z	NAFXCW.LIB	HIGH	fid-census:70a8d16f09bf:$NW/filest.obj:841f4ccb36bf
0x17a086	?GetStatus@CMemFile@@QBEHAAUCFileStatus@@@Z	NAFXCW.LIB	HIGH	fid-census:70a8d16f09bf:$NW/filest.obj:841f4ccb36bf
0x17a0a6	??0CStdioFile@@QAE@XZ	NAFXCW.LIB	HIGH	fid-census:70a8d16f09bf:$NW/filetxt.obj:416dc1ec6d07
0x17a0d8	??0CStdioFile@@QAE@PAU_iobuf@@@Z	NAFXCW.LIB	HIGH	fid-census:70a8d16f09bf:$NW/filetxt.obj:416dc1ec6d07
0x17a101	??0CStdioFile@@QAE@PBDI@Z	NAFXCW.LIB	HIGH	fid-census:70a8d16f09bf:$NW/filetxt.obj:416dc1ec6d07
0x17a19e	??1CStdioFile@@UAE@XZ	NAFXCW.LIB	HIGH	fid-census:70a8d16f09bf:$NW/filetxt.obj:416dc1ec6d07
0x17a1e1	?Open@CStdioFile@@UAEHPBDIPAVCFileException@@@Z	NAFXCW.LIB	HIGH	fid-census:70a8d16f09bf:$NW/filetxt.obj:416dc1ec6d07
0x17a2c3	?Read@CStdioFile@@UAEIPAXI@Z	NAFXCW.LIB	HIGH	fid-census:70a8d16f09bf:$NW/filetxt.obj:416dc1ec6d07
0x17a32f	?Write@CStdioFile@@UAEXPBXI@Z	NAFXCW.LIB	HIGH	fid-census:70a8d16f09bf:$NW/filetxt.obj:416dc1ec6d07
0x17a362	?WriteString@CStdioFile@@UAEXPBD@Z	NAFXCW.LIB	HIGH	fid-census:70a8d16f09bf:$NW/filetxt.obj:416dc1ec6d07
0x17a38d	?ReadString@CStdioFile@@UAEPADPADI@Z	NAFXCW.LIB	HIGH	fid-census:70a8d16f09bf:$NW/filetxt.obj:416dc1ec6d07
0x17a3d2	?ReadString@CStdioFile@@UAEHAAVCString@@@Z	NAFXCW.LIB	HIGH	fid-census:70a8d16f09bf:$NW/filetxt.obj:416dc1ec6d07
0x17a499	?Seek@CStdioFile@@UAEJJI@Z	NAFXCW.LIB	HIGH	fid-census:70a8d16f09bf:$NW/filetxt.obj:416dc1ec6d07
0x17a4d1	?GetPosition@CStdioFile@@UBEKXZ	NAFXCW.LIB	HIGH	fid-census:70a8d16f09bf:$NW/filetxt.obj:416dc1ec6d07
0x17a4fb	?Flush@CStdioFile@@UAEXXZ	NAFXCW.LIB	HIGH	fid-census:70a8d16f09bf:$NW/filetxt.obj:416dc1ec6d07
0x17a523	?Close@CStdioFile@@UAEXXZ	NAFXCW.LIB	HIGH	fid-census:70a8d16f09bf:$NW/filetxt.obj:416dc1ec6d07
0x17a559	?Abort@CStdioFile@@UAEXXZ	NAFXCW.LIB	HIGH	fid-census:70a8d16f09bf:$NW/filetxt.obj:416dc1ec6d07
0x17a596	?LoadStringA@CString@@QAEHI@Z	NAFXCW.LIB	HIGH	fid-census:70a8d16f09bf:$NW/winstr.obj:9a915eacf623
0x17a61a	?AfxLoadString@@YGHIPADI@Z	NAFXCW.LIB	HIGH	fid-census:70a8d16f09bf:$NW/winstr.obj:9a915eacf623
0x17a641	?AfxExtractSubString@@YGHAAVCString@@PBDHD@Z	NAFXCW.LIB	HIGH	fid-census:70a8d16f09bf:$NW/winstr.obj:9a915eacf623
0x17a6c2	?AfxUnlockTempMaps@@YGHH@Z	NAFXCW.LIB	HIGH	fid-census:70a8d16f09bf:$NW/winhand.obj:779da0bc9db3
0x17a7b0	??0CHandleMap@@QAE@PAUCRuntimeClass@@IH@Z	NAFXCW.LIB	HIGH	fid-census:70a8d16f09bf:$NW/winhand.obj:779da0bc9db3
0x17a80c	?FromHandle@CHandleMap@@QAEPAVCObject@@PAX@Z	NAFXCW.LIB	HIGH	fid-census:70a8d16f09bf:$NW/winhand.obj:779da0bc9db3
0x17a8e7	?DeleteTemp@CHandleMap@@QAEXXZ	NAFXCW.LIB	HIGH	fid-census:70a8d16f09bf:$NW/winhand.obj:779da0bc9db3
0x17a948	?UpdateSysColors@AUX_DATA@@QAEXXZ	NAFXCW.LIB	HIGH	fid-census:70a8d16f09bf:$NW/auxdata.obj:242983053eb3
0x17a98c	?UpdateSysMetrics@AUX_DATA@@QAEXXZ	NAFXCW.LIB	HIGH	fid-census:70a8d16f09bf:$NW/auxdata.obj:242983053eb3
0x17a9f8	?afxMapHMENU@@YAPAVCHandleMap@@H@Z	NAFXCW.LIB	HIGH	fid-census:70a8d16f09bf:$NW/winmenu.obj:3e44f7bc62cc
0x17ab0d	??0CRecentFileList@@QAE@IPBD0HH@Z	NAFXCW.LIB	HIGH	fid-census:70a8d16f09bf:$NW/filelist.obj:b2e4c8c0ad61
0x17abe5	??_ECString@@QAEPAXI@Z	NAFXCW.LIB	HIGH	fid-census:70a8d16f09bf:$NW/filelist.obj:b2e4c8c0ad61
0x17ac21	??1CRecentFileList@@UAE@XZ	NAFXCW.LIB	HIGH	fid-census:70a8d16f09bf:$NW/filelist.obj:b2e4c8c0ad61
0x17ac7e	?Add@CRecentFileList@@UAEXPBD@Z	NAFXCW.LIB	HIGH	fid-census:70a8d16f09bf:$NW/filelist.obj:b2e4c8c0ad61
0x17acea	?Remove@CRecentFileList@@UAEXH@Z	NAFXCW.LIB	HIGH	fid-census:70a8d16f09bf:$NW/filelist.obj:b2e4c8c0ad61
0x17ad25	?GetDisplayName@CRecentFileList@@QBEHAAVCString@@HPBDHH@Z	NAFXCW.LIB	HIGH	fid-census:70a8d16f09bf:$NW/filelist.obj:b2e4c8c0ad61
0x17ae2e	?UpdateMenu@CRecentFileList@@UAEXPAVCCmdUI@@@Z	NAFXCW.LIB	HIGH	fid-census:70a8d16f09bf:$NW/filelist.obj:b2e4c8c0ad61
0x17b078	?WriteList@CRecentFileList@@UAEXXZ	NAFXCW.LIB	HIGH	fid-census:70a8d16f09bf:$NW/filelist.obj:b2e4c8c0ad61
0x17b0f6	?ReadList@CRecentFileList@@UAEXXZ	NAFXCW.LIB	HIGH	fid-census:70a8d16f09bf:$NW/filelist.obj:b2e4c8c0ad61
0x17b192	?AbbreviateName@@YAXPADHH@Z	NAFXCW.LIB	HIGH	fid-census:70a8d16f09bf:$NW/filelist.obj:b2e4c8c0ad61
0x17b26a	??0CDialogTemplate@@QAE@PBUDLGTEMPLATE@@@Z	NAFXCW.LIB	HIGH	fid-census:70a8d16f09bf:$NW/dlgtempl.obj:f14e5de9f2a1
0x17b299	??0CDialogTemplate@@QAE@PAX@Z	NAFXCW.LIB	HIGH	fid-census:70a8d16f09bf:$NW/dlgtempl.obj:f14e5de9f2a1
0x17b2da	?SetTemplate@CDialogTemplate@@IAEHPBUDLGTEMPLATE@@I@Z	NAFXCW.LIB	HIGH	fid-census:70a8d16f09bf:$NW/dlgtempl.obj:f14e5de9f2a1
0x17b348	?Load@CDialogTemplate@@QAEHPBD@Z	NAFXCW.LIB	HIGH	fid-census:70a8d16f09bf:$NW/dlgtempl.obj:f14e5de9f2a1
0x17b3a3	?HasFont@CDialogTemplate@@QBEHXZ	NAFXCW.LIB	HIGH	fid-census:70a8d16f09bf:$NW/dlgtempl.obj:f14e5de9f2a1
0x17b3ce	?GetFontSizeField@CDialogTemplate@@KAPAEPBUDLGTEMPLATE@@@Z	NAFXCW.LIB	HIGH	fid-census:70a8d16f09bf:$NW/dlgtempl.obj:f14e5de9f2a1
0x17b424	?GetTemplateSize@CDialogTemplate@@KAIPBUDLGTEMPLATE@@@Z	NAFXCW.LIB	HIGH	fid-census:70a8d16f09bf:$NW/dlgtempl.obj:f14e5de9f2a1
0x17b4db	?GetFont@CDialogTemplate@@SAHPBUDLGTEMPLATE@@AAVCString@@AAG@Z	NAFXCW.LIB	HIGH	fid-census:70a8d16f09bf:$NW/dlgtempl.obj:f14e5de9f2a1
0x17b54a	?GetFont@CDialogTemplate@@QBEHAAVCString@@AAG@Z	NAFXCW.LIB	HIGH	fid-census:70a8d16f09bf:$NW/dlgtempl.obj:f14e5de9f2a1
0x17b578	?SetFont@CDialogTemplate@@QAEHPBDG@Z	NAFXCW.LIB	HIGH	fid-census:70a8d16f09bf:$NW/dlgtempl.obj:f14e5de9f2a1
0x17b68f	?SetSystemFont@CDialogTemplate@@QAEHG@Z	NAFXCW.LIB	HIGH	fid-census:70a8d16f09bf:$NW/dlgtempl.obj:f14e5de9f2a1
0x17b720	?GetSizeInDialogUnits@CDialogTemplate@@QBEXPAUtagSIZE@@@Z	NAFXCW.LIB	HIGH	fid-census:70a8d16f09bf:$NW/dlgtempl.obj:f14e5de9f2a1
0x17b760	?GetSizeInPixels@CDialogTemplate@@QBEXPAUtagSIZE@@@Z	NAFXCW.LIB	HIGH	fid-census:70a8d16f09bf:$NW/dlgtempl.obj:f14e5de9f2a1
0x17b803	?ConvertDialogUnitsToPixels@@YAXPBDGHHPAUtagSIZE@@@Z	NAFXCW.LIB	HIGH	fid-census:70a8d16f09bf:$NW/dlgtempl.obj:f14e5de9f2a1
0x17b904	?AfxWinMain@@YGHPAUHINSTANCE__@@0PADH@Z	NAFXCW.LIB	HIGH	fid-census:70a8d16f09bf:$NW/winmain.obj:18fb9c0331b7
0x17b96d	??6@YGAAVCArchive@@AAV0@ABVCString@@@Z	NAFXCW.LIB	HIGH	fid-census:70a8d16f09bf:$NW/arccore.obj:7b9924ea4931
0x17b9e7	??5@YGAAVCArchive@@AAV0@AAVCString@@@Z	NAFXCW.LIB	HIGH	fid-census:70a8d16f09bf:$NW/arccore.obj:7b9924ea4931
0x17ba84	?ReadStringLength@@YGIAAVCArchive@@@Z	NAFXCW.LIB	HIGH	fid-census:70a8d16f09bf:$NW/arccore.obj:7b9924ea4931
0x17badb	?SerializeElements@@YGXAAVCArchive@@PAVCString@@H@Z	NAFXCW.LIB	HIGH	fid-census:70a8d16f09bf:$NW/arccore.obj:7b9924ea4931
0x17bb29	?Load@CRuntimeClass@@SGPAU1@AAVCArchive@@PAI@Z	NAFXCW.LIB	HIGH	fid-census:70a8d16f09bf:$NW/arccore.obj:7b9924ea4931
0x17bbb9	?Store@CRuntimeClass@@QBEXAAVCArchive@@@Z	NAFXCW.LIB	HIGH	fid-census:70a8d16f09bf:$NW/arccore.obj:7b9924ea4931
0x17bbf1	??0CArchive@@QAE@PAVCFile@@IHPAX@Z	NAFXCW.LIB	HIGH	fid-census:70a8d16f09bf:$NW/arccore.obj:7b9924ea4931
0x17bccd	??1CArchive@@QAE@XZ	NAFXCW.LIB	HIGH	fid-census:70a8d16f09bf:$NW/arccore.obj:7b9924ea4931
0x17bd13	?Abort@CArchive@@QAEXXZ	NAFXCW.LIB	HIGH	fid-census:70a8d16f09bf:$NW/arccore.obj:7b9924ea4931
0x17bd63	?Read@CArchive@@QAEIPAXI@Z	NAFXCW.LIB	HIGH	fid-census:70a8d16f09bf:$NW/arccore.obj:7b9924ea4931
0x17be71	?Write@CArchive@@QAEXPBXI@Z	NAFXCW.LIB	HIGH	fid-census:70a8d16f09bf:$NW/arccore.obj:7b9924ea4931
0x17bf01	?Flush@CArchive@@QAEXXZ	NAFXCW.LIB	HIGH	fid-census:70a8d16f09bf:$NW/arccore.obj:7b9924ea4931
0x17bf7b	?FillBuffer@CArchive@@QAEXI@Z	NAFXCW.LIB	HIGH	fid-census:70a8d16f09bf:$NW/arccore.obj:7b9924ea4931
0x17c03d	?WriteCount@CArchive@@QAEXK@Z	NAFXCW.LIB	HIGH	fid-census:70a8d16f09bf:$NW/arccore.obj:7b9924ea4931
0x17c06b	?ReadCount@CArchive@@QAEKXZ	NAFXCW.LIB	HIGH	fid-census:70a8d16f09bf:$NW/arccore.obj:7b9924ea4931
0x17c09b	?WriteString@CArchive@@QAEXPBD@Z	NAFXCW.LIB	HIGH	fid-census:70a8d16f09bf:$NW/arccore.obj:7b9924ea4931
0x17c0b8	?ReadString@CArchive@@QAEPADPADI@Z	NAFXCW.LIB	HIGH	fid-census:70a8d16f09bf:$NW/arccore.obj:7b9924ea4931
0x17c16f	?ReadString@CArchive@@QAEHAAVCString@@@Z	NAFXCW.LIB	HIGH	fid-census:70a8d16f09bf:$NW/arccore.obj:7b9924ea4931
0x17c20a	?OnAppExit@CWinApp@@IAEXXZ	NAFXCW.LIB	HIGH	fid-census:70a8d16f09bf:$NW/appui.obj:c4e0507f6523
0x17c261	?afxMapHDC@@YAPAVCHandleMap@@H@Z	NAFXCW.LIB	HIGH	fid-census:70a8d16f09bf:$NW/wingdi.obj:e0498a2ae480
0x17c2e7	?Attach@CDC@@QAEHPAUHDC__@@@Z	NAFXCW.LIB	HIGH	fid-census:70a8d16f09bf:$NW/wingdi.obj:e0498a2ae480
0x17c31e	?Detach@CDC@@QAEPAUHDC__@@XZ	NAFXCW.LIB	HIGH	fid-census:70a8d16f09bf:$NW/wingdi.obj:e0498a2ae480
0x17c365	??1CDC@@UAE@XZ	NAFXCW.LIB	HIGH	fid-census:70a8d16f09bf:$NW/wingdi.obj:e0498a2ae480
0x17c3c3	?StartDocA@CDC@@QAEHPBD@Z	NAFXCW.LIB	HIGH	fid-census:70a8d16f09bf:$NW/wingdi.obj:e0498a2ae480
0x17c3fb	?SaveDC@CDC@@UAEHXZ	NAFXCW.LIB	HIGH	fid-census:70a8d16f09bf:$NW/wingdi.obj:e0498a2ae480
0x17c432	?RestoreDC@CDC@@UAEHH@Z	NAFXCW.LIB	HIGH	fid-census:70a8d16f09bf:$NW/wingdi.obj:e0498a2ae480
0x17c470	?SelectGdiObject@CDC@@KGPAVCGdiObject@@PAUHDC__@@PAX@Z	NAFXCW.LIB	HIGH	fid-census:70a8d16f09bf:$NW/wingdi.obj:e0498a2ae480
0x17c487	?SelectStockObject@CDC@@UAEPAVCGdiObject@@H@Z	NAFXCW.LIB	HIGH	fid-census:70a8d16f09bf:$NW/wingdi.obj:e0498a2ae480
0x17c613	?SelectPalette@CDC@@QAEPAVCPalette@@PAV2@H@Z	NAFXCW.LIB	HIGH	fid-census:70a8d16f09bf:$NW/wingdi.obj:e0498a2ae480
0x17cc87	?LineTo@CDC@@QAEHHH@Z	NAFXCW.LIB	HIGH	fid-census:70a8d16f09bf:$NW/wingdi.obj:e0498a2ae480
0x17ccbc	?SetTextAlign@CDC@@QAEII@Z	NAFXCW.LIB	HIGH	fid-census:70a8d16f09bf:$NW/wingdi.obj:e0498a2ae480
0x17cd9e	?ArcTo@CDC@@QAEHHHHHHHHH@Z	NAFXCW.LIB	HIGH	fid-census:70a8d16f09bf:$NW/wingdi.obj:e0498a2ae480
0x17ce2e	?PolyDraw@CDC@@QAEHPBUtagPOINT@@PBEH@Z	NAFXCW.LIB	HIGH	fid-census:70a8d16f09bf:$NW/wingdi.obj:e0498a2ae480
0x17cf3b	?SelectClipPath@CDC@@QAEHH@Z	NAFXCW.LIB	HIGH	fid-census:70a8d16f09bf:$NW/wingdi.obj:e0498a2ae480
0x17cf99	?SelectClipRgn@CDC@@QAEHPAVCRgn@@H@Z	NAFXCW.LIB	HIGH	fid-census:70a8d16f09bf:$NW/wingdi.obj:e0498a2ae480
0x17cfed	?AfxEnumMetaFileProc@@YGHPAUHDC__@@PAUtagHANDLETABLE@@PAUtagMETARECORD@@HJ@Z	NAFXCW.LIB	HIGH	fid-census:70a8d16f09bf:$NW/wingdi.obj:e0498a2ae480
0x17d221	?PlayMetaFile@CDC@@QAEHPAUHMETAFILE__@@@Z	NAFXCW.LIB	HIGH	fid-census:70a8d16f09bf:$NW/wingdi.obj:e0498a2ae480
0x17d25a	?LPtoDP@CDC@@QBEXPAUtagSIZE@@@Z	NAFXCW.LIB	HIGH	fid-census:70a8d16f09bf:$NW/wingdi.obj:e0498a2ae480
0x17d494	??0CPaintDC@@QAE@PAVCWnd@@@Z	NAFXCW.LIB	HIGH	fid-census:70a8d16f09bf:$NW/wingdi.obj:e0498a2ae480
0x17d506	??1CPaintDC@@UAE@XZ	NAFXCW.LIB	HIGH	fid-census:70a8d16f09bf:$NW/wingdi.obj:e0498a2ae480
0x17d561	?afxMapHGDIOBJ@@YAPAVCHandleMap@@H@Z	NAFXCW.LIB	HIGH	fid-census:70a8d16f09bf:$NW/wingdi.obj:e0498a2ae480
0x17d7de	?CreateDIBPatternBrush@CBrush@@QAEHPAXI@Z	NAFXCW.LIB	HIGH	fid-census:70a8d16f09bf:$NW/wingdi.obj:e0498a2ae480
0x17d846	?CheckCount@CArchive@@QAEXXZ	NAFXCW.LIB	HIGH	fid-census:70a8d16f09bf:$NW/arcobj.obj:576ebc65ccc8
0x17d85a	?WriteObject@CArchive@@QAEXPBVCObject@@@Z	NAFXCW.LIB	HIGH	fid-census:70a8d16f09bf:$NW/arcobj.obj:576ebc65ccc8
0x17d8d9	?ReadObject@CArchive@@QAEPAVCObject@@PBUCRuntimeClass@@@Z	NAFXCW.LIB	HIGH	fid-census:70a8d16f09bf:$NW/arcobj.obj:576ebc65ccc8
0x17d990	?MapObject@CArchive@@QAEXPBVCObject@@@Z	NAFXCW.LIB	HIGH	fid-census:70a8d16f09bf:$NW/arcobj.obj:576ebc65ccc8
0x17da88	?WriteClass@CArchive@@QAEXPBUCRuntimeClass@@@Z	NAFXCW.LIB	HIGH	fid-census:70a8d16f09bf:$NW/arcobj.obj:576ebc65ccc8
0x17db19	?ReadClass@CArchive@@QAEPAUCRuntimeClass@@PBU2@PAIPAK@Z	NAFXCW.LIB	HIGH	fid-census:70a8d16f09bf:$NW/arcobj.obj:576ebc65ccc8
0x17dcd9	?SerializeClass@CArchive@@QAEXPBUCRuntimeClass@@@Z	NAFXCW.LIB	HIGH	fid-census:70a8d16f09bf:$NW/arcobj.obj:576ebc65ccc8
0x17dcfd	?GetErrorMessage@CArchiveException@@UAEHPADIPAI@Z	NAFXCW.LIB	HIGH	fid-census:70a8d16f09bf:$NW/arcex.obj:d29e48ea3f49
0x17dd9d	?AfxThrowArchiveException@@YGXHPBD@Z	NAFXCW.LIB	HIGH	fid-census:70a8d16f09bf:$NW/arcex.obj:d29e48ea3f49
0x17de18	?AfxCustomLogFont@@YGHIPAUtagLOGFONTA@@@Z	NAFXCW.LIB	HIGH	fid-census:70a8d16f09bf:$NW/winutil.obj:f0e71f6e1863
0x17de90	?_AfxIsComboBoxControl@@YGHPAUHWND__@@I@Z	NAFXCW.LIB	HIGH	fid-census:70a8d16f09bf:$NW/winutil.obj:f0e71f6e1863
0x17deda	?_AfxCompareClassName@@YGHPAUHWND__@@PBD@Z	NAFXCW.LIB	HIGH	fid-census:70a8d16f09bf:$NW/winutil.obj:f0e71f6e1863
0x17df05	?_AfxChildWindowFromPoint@@YGPAUHWND__@@PAU1@UtagPOINT@@@Z	NAFXCW.LIB	HIGH	fid-census:70a8d16f09bf:$NW/winutil.obj:f0e71f6e1863
0x17df7a	?AfxSetWindowText@@YGXPAUHWND__@@PBD@Z	NAFXCW.LIB	HIGH	fid-census:70a8d16f09bf:$NW/winutil.obj:f0e71f6e1863
0x17dfd2	?AfxDeleteObject@@YGXPAPAX@Z	NAFXCW.LIB	HIGH	fid-census:70a8d16f09bf:$NW/winutil.obj:f0e71f6e1863
0x17dfeb	?AfxCancelModes@@YGXPAUHWND__@@@Z	NAFXCW.LIB	HIGH	fid-census:70a8d16f09bf:$NW/winutil.obj:f0e71f6e1863
0x17e062	?AfxGlobalFree@@YGXPAX@Z	NAFXCW.LIB	HIGH	fid-census:70a8d16f09bf:$NW/winutil.obj:f0e71f6e1863
0x17e098	?AfxCriticalNewHandler@@YAHI@Z	NAFXCW.LIB	HIGH	fid-census:70a8d16f09bf:$NW/winutil.obj:f0e71f6e1863
0x17e0f0	?_AfxGetMouseScrollLines@@YAIH@Z	NAFXCW.LIB	HIGH	fid-census:70a8d16f09bf:$NW/viewscrl.obj:9a71bd1ca70d
0x17e267	??0CScrollView@@IAE@XZ	NAFXCW.LIB	HIGH	fid-census:70a8d16f09bf:$NW/viewscrl.obj:9a71bd1ca70d
0x17e2b5	?OnPrepareDC@CScrollView@@UAEXPAVCDC@@PAUCPrintInfo@@@Z	NAFXCW.LIB	HIGH	fid-census:70a8d16f09bf:$NW/viewscrl.obj:9a71bd1ca70d
0x17e670	?GetDeviceScrollPosition@CScrollView@@QBE?AVCPoint@@XZ	NAFXCW.LIB	HIGH	fid-census:70a8d16f09bf:$NW/viewscrl.obj:9a71bd1ca70d
0x17e6e9	?GetDeviceScrollSizes@CScrollView@@QBEXAAHAAUtagSIZE@@11@Z	NAFXCW.LIB	HIGH	fid-census:70a8d16f09bf:$NW/viewscrl.obj:9a71bd1ca70d
0x17e722	?ScrollToDevicePosition@CScrollView@@IAEXUtagPOINT@@@Z	NAFXCW.LIB	HIGH	fid-census:70a8d16f09bf:$NW/viewscrl.obj:9a71bd1ca70d
0x17e774	?FillOutsideRect@CScrollView@@QAEXPAVCDC@@PAVCBrush@@@Z	NAFXCW.LIB	HIGH	fid-census:70a8d16f09bf:$NW/viewscrl.obj:9a71bd1ca70d
0x17e7f7	?ResizeParentToFit@CScrollView@@QAEXH@Z	NAFXCW.LIB	HIGH	fid-census:70a8d16f09bf:$NW/viewscrl.obj:9a71bd1ca70d
0x17e911	?OnSize@CScrollView@@QAEXIHH@Z	NAFXCW.LIB	HIGH	fid-census:70a8d16f09bf:$NW/viewscrl.obj:9a71bd1ca70d
0x17e939	?CenterOnPoint@CScrollView@@IAEXVCPoint@@@Z	NAFXCW.LIB	HIGH	fid-census:70a8d16f09bf:$NW/viewscrl.obj:9a71bd1ca70d
0x17e9e7	?GetScrollBarSizes@CScrollView@@IAEXAAVCSize@@@Z	NAFXCW.LIB	HIGH	fid-census:70a8d16f09bf:$NW/viewscrl.obj:9a71bd1ca70d
0x17ea41	?GetTrueClientSize@CScrollView@@IAEHAAVCSize@@0@Z	NAFXCW.LIB	HIGH	fid-census:70a8d16f09bf:$NW/viewscrl.obj:9a71bd1ca70d
0x17eab6	?GetScrollBarState@CScrollView@@IAEXVCSize@@AAV2@1AAVCPoint@@H@Z	NAFXCW.LIB	HIGH	fid-census:70a8d16f09bf:$NW/viewscrl.obj:9a71bd1ca70d
0x17eb72	?UpdateBars@CScrollView@@IAEXXZ	NAFXCW.LIB	HIGH	fid-census:70a8d16f09bf:$NW/viewscrl.obj:9a71bd1ca70d
0x17ece8	?CalcWindowRect@CScrollView@@UAEXPAUtagRECT@@I@Z	NAFXCW.LIB	HIGH	fid-census:70a8d16f09bf:$NW/viewscrl.obj:9a71bd1ca70d
0x17ed6f	?OnHScroll@CScrollView@@QAEXIIPAVCScrollBar@@@Z	NAFXCW.LIB	HIGH	fid-census:70a8d16f09bf:$NW/viewscrl.obj:9a71bd1ca70d
0x17edb3	?OnVScroll@CScrollView@@QAEXIIPAVCScrollBar@@@Z	NAFXCW.LIB	HIGH	fid-census:70a8d16f09bf:$NW/viewscrl.obj:9a71bd1ca70d
0x17edfb	?OnMouseWheel@CScrollView@@QAEHIFVCPoint@@@Z	NAFXCW.LIB	HIGH	fid-census:70a8d16f09bf:$NW/viewscrl.obj:9a71bd1ca70d
0x17ee2f	?DoMouseWheel@CScrollView@@QAEHIFVCPoint@@@Z	NAFXCW.LIB	HIGH	fid-census:70a8d16f09bf:$NW/viewscrl.obj:9a71bd1ca70d
0x17ef53	?OnScroll@CScrollView@@UAEHIIH@Z	NAFXCW.LIB	HIGH	fid-census:70a8d16f09bf:$NW/viewscrl.obj:9a71bd1ca70d
0x17f023	?OnScrollBy@CScrollView@@UAEHVCSize@@H@Z	NAFXCW.LIB	HIGH	fid-census:70a8d16f09bf:$NW/viewscrl.obj:9a71bd1ca70d
0x17f12a	??0CView@@IAE@XZ	NAFXCW.LIB	HIGH	fid-census:70a8d16f09bf:$NW/viewcore.obj:51b9d67dd330
0x17f15c	??1CView@@UAE@XZ	NAFXCW.LIB	HIGH	fid-census:70a8d16f09bf:$NW/viewcore.obj:51b9d67dd330
0x17f19c	?PreCreateWindow@CView@@MAEHAAUtagCREATESTRUCTA@@@Z	NAFXCW.LIB	HIGH	fid-census:70a8d16f09bf:$NW/viewcore.obj:51b9d67dd330
0x17f1ef	?OnCreate@CView@@IAEHPAUtagCREATESTRUCTA@@@Z	NAFXCW.LIB	HIGH	fid-census:70a8d16f09bf:$NW/viewcore.obj:51b9d67dd330
0x17f21f	?OnDestroy@CView@@IAEXXZ	NAFXCW.LIB	HIGH	fid-census:70a8d16f09bf:$NW/viewcore.obj:51b9d67dd330
0x17f25a	?CalcWindowRect@CView@@UAEXPAUtagRECT@@I@Z	NAFXCW.LIB	HIGH	fid-census:70a8d16f09bf:$NW/viewcore.obj:51b9d67dd330
0x17f38b	?OnUpdate@CView@@MAEXPAV1@JPAVCObject@@@Z	NAFXCW.LIB	HIGH	fid-census:70a8d16f09bf:$NW/viewcore.obj:51b9d67dd330
0x17f3b2	?OnActivateView@CView@@MAEXHPAV1@0@Z	NAFXCW.LIB	HIGH	fid-census:70a8d16f09bf:$NW/viewcore.obj:51b9d67dd330
0x17f3d3	?OnMouseActivate@CView@@IAEHPAVCWnd@@II@Z	NAFXCW.LIB	HIGH	fid-census:70a8d16f09bf:$NW/viewcore.obj:51b9d67dd330
0x17f468	?GetParentSplitter@CView@@SGPAVCSplitterWnd@@PBVCWnd@@H@Z	NAFXCW.LIB	HIGH	fid-census:70a8d16f09bf:$NW/viewcore.obj:51b9d67dd330
0x17f4c6	?GetScrollBarCtrl@CView@@UBEPAVCScrollBar@@H@Z	NAFXCW.LIB	HIGH	fid-census:70a8d16f09bf:$NW/viewcore.obj:51b9d67dd330
0x17f53b	?OnUpdateSplitCmd@CView@@IAEXPAVCCmdUI@@@Z	NAFXCW.LIB	HIGH	fid-census:70a8d16f09bf:$NW/viewcore.obj:51b9d67dd330
0x17f563	?OnSplitCmd@CView@@IAEHI@Z	NAFXCW.LIB	HIGH	fid-census:70a8d16f09bf:$NW/viewcore.obj:51b9d67dd330
0x17f57f	?OnUpdateNextPaneMenu@CView@@IAEXPAVCCmdUI@@@Z	NAFXCW.LIB	HIGH	fid-census:70a8d16f09bf:$NW/viewcore.obj:51b9d67dd330
0x17f5bd	?OnNextPaneCmd@CView@@IAEHI@Z	NAFXCW.LIB	HIGH	fid-census:70a8d16f09bf:$NW/viewcore.obj:51b9d67dd330
0x17f5e7	?OnPrepareDC@CView@@UAEXPAVCDC@@PAUCPrintInfo@@@Z	NAFXCW.LIB	HIGH	fid-census:70a8d16f09bf:$NW/viewcore.obj:51b9d67dd330
0x17f618	?OnEndPrintPreview@CView@@MAEXPAVCDC@@PAUCPrintInfo@@UtagPOINT@@PAVCPreviewView@@@Z	NAFXCW.LIB	HIGH	fid-census:70a8d16f09bf:$NW/viewcore.obj:51b9d67dd330
0x17f6e9	??0CCtrlView@@QAE@PBDK@Z	NAFXCW.LIB	HIGH	fid-census:70a8d16f09bf:$NW/viewcore.obj:51b9d67dd330
0x17f756	?PreCreateWindow@CCtrlView@@MAEHAAUtagCREATESTRUCTA@@@Z	NAFXCW.LIB	HIGH	fid-census:70a8d16f09bf:$NW/viewcore.obj:51b9d67dd330
0x17f7b1	??0CDocument@@QAE@XZ	NAFXCW.LIB	HIGH	fid-census:70a8d16f09bf:$NW/doccore.obj:5abb4d59fd00
0x17f831	??1CDocument@@UAE@XZ	NAFXCW.LIB	HIGH	fid-census:70a8d16f09bf:$NW/doccore.obj:5abb4d59fd00
0x17f8a5	?DisconnectViews@CDocument@@QAEXXZ	NAFXCW.LIB	HIGH	fid-census:70a8d16f09bf:$NW/doccore.obj:5abb4d59fd00
0x17f8c6	?SetTitle@CDocument@@UAEXPBD@Z	NAFXCW.LIB	HIGH	fid-census:70a8d16f09bf:$NW/doccore.obj:5abb4d59fd00
0x17f8e4	?OnChangedViewList@CDocument@@UAEXXZ	NAFXCW.LIB	HIGH	fid-census:70a8d16f09bf:$NW/doccore.obj:5abb4d59fd00
0x17f900	?UpdateFrameCounts@CDocument@@UAEXXZ	NAFXCW.LIB	HIGH	fid-census:70a8d16f09bf:$NW/doccore.obj:5abb4d59fd00
0x17f9f2	?CanCloseFrame@CDocument@@UAEHPAVCFrameWnd@@@Z	NAFXCW.LIB	HIGH	fid-census:70a8d16f09bf:$NW/doccore.obj:5abb4d59fd00
0x17fa3e	?SetPathName@CDocument@@UAEXPBDH@Z	NAFXCW.LIB	HIGH	fid-census:70a8d16f09bf:$NW/doccore.obj:5abb4d59fd00
0x17faba	?OnFileClose@CDocument@@IAEXXZ	NAFXCW.LIB	HIGH	fid-census:70a8d16f09bf:$NW/doccore.obj:5abb4d59fd00
0x17faea	?DoFileSave@CDocument@@UAEHXZ	NAFXCW.LIB	HIGH	fid-census:70a8d16f09bf:$NW/doccore.obj:5abb4d59fd00
0x17fb18	?DoSave@CDocument@@UAEHPBDH@Z	NAFXCW.LIB	HIGH	fid-census:70a8d16f09bf:$NW/doccore.obj:5abb4d59fd00
0x17fca4	?SaveModified@CDocument@@UAEHXZ	NAFXCW.LIB	HIGH	fid-census:70a8d16f09bf:$NW/doccore.obj:5abb4d59fd00
0x17fdba	?ReportSaveLoadException@CDocument@@UAEXPBDPAVCException@@HI@Z	NAFXCW.LIB	HIGH	fid-census:70a8d16f09bf:$NW/doccore.obj:5abb4d59fd00
0x17ff2a	?Open@CMirrorFile@@UAEHPBDIPAVCFileException@@@Z	NAFXCW.LIB	HIGH	fid-census:70a8d16f09bf:$NW/doccore.obj:5abb4d59fd00
0x1800f1	?Abort@CMirrorFile@@UAEXXZ	NAFXCW.LIB	HIGH	fid-census:70a8d16f09bf:$NW/doccore.obj:5abb4d59fd00
0x18010a	?Close@CMirrorFile@@UAEXXZ	NAFXCW.LIB	HIGH	fid-census:70a8d16f09bf:$NW/doccore.obj:5abb4d59fd00
0x180164	?GetFile@CDocument@@UAEPAVCFile@@PBDIPAVCFileException@@@Z	NAFXCW.LIB	HIGH	fid-census:70a8d16f09bf:$NW/doccore.obj:5abb4d59fd00
0x1801f6	??1CMirrorFile@@UAE@XZ	NAFXCW.LIB	HIGH	fid-census:70a8d16f09bf:$NW/doccore.obj:5abb4d59fd00
0x180227	?ReleaseFile@CDocument@@UAEXPAVCFile@@H@Z	NAFXCW.LIB	HIGH	fid-census:70a8d16f09bf:$NW/doccore.obj:5abb4d59fd00
0x180250	?OnNewDocument@CDocument@@UAEHXZ	NAFXCW.LIB	HIGH	fid-census:70a8d16f09bf:$NW/doccore.obj:5abb4d59fd00
0x180275	?OnOpenDocument@CDocument@@UAEHPBD@Z	NAFXCW.LIB	HIGH	fid-census:70a8d16f09bf:$NW/doccore.obj:5abb4d59fd00
0x180446	?OnSaveDocument@CDocument@@UAEHPBD@Z	NAFXCW.LIB	HIGH	fid-census:70a8d16f09bf:$NW/doccore.obj:5abb4d59fd00
0x1805f3	?OnCloseDocument@CDocument@@UAEXXZ	NAFXCW.LIB	HIGH	fid-census:70a8d16f09bf:$NW/doccore.obj:5abb4d59fd00
0x180648	?AddView@CDocument@@QAEXPAVCView@@@Z	NAFXCW.LIB	HIGH	fid-census:70a8d16f09bf:$NW/doccore.obj:5abb4d59fd00
0x180668	?RemoveView@CDocument@@QAEXPAVCView@@@Z	NAFXCW.LIB	HIGH	fid-census:70a8d16f09bf:$NW/doccore.obj:5abb4d59fd00
0x1806af	?UpdateAllViews@CDocument@@QAEXPAVCView@@JPAVCObject@@@Z	NAFXCW.LIB	HIGH	fid-census:70a8d16f09bf:$NW/doccore.obj:5abb4d59fd00
0x1806f0	?SendInitialUpdate@CDocument@@QAEXXZ	NAFXCW.LIB	HIGH	fid-census:70a8d16f09bf:$NW/doccore.obj:5abb4d59fd00
0x180721	?OnCmdMsg@CDocument@@UAEHIHPAXPAUAFX_CMDHANDLERINFO@@@Z	NAFXCW.LIB	HIGH	fid-census:70a8d16f09bf:$NW/doccore.obj:5abb4d59fd00
0x180764	?HideApplication@CWinApp@@QAEXXZ	NAFXCW.LIB	HIGH	fid-census:70a8d16f09bf:$NW/appui.obj:c4e0507f6523
0x180796	?DoWaitCursor@CWinApp@@UAEXH@Z	NAFXCW.LIB	HIGH	fid-census:70a8d16f09bf:$NW/appui.obj:c4e0507f6523
0x1807f5	?EnableModeless@CWinApp@@QAEXH@Z	NAFXCW.LIB	HIGH	fid-census:70a8d16f09bf:$NW/appui.obj:c4e0507f6523
0x180823	?DoMessageBox@CWinApp@@UAEHPBDII@Z	NAFXCW.LIB	HIGH	fid-census:70a8d16f09bf:$NW/appui.obj:c4e0507f6523
0x1808dd	?AfxMessageBox@@YGHPBDII@Z	NAFXCW.LIB	HIGH	fid-census:70a8d16f09bf:$NW/appui.obj:c4e0507f6523
0x1808fe	?AfxMessageBox@@YGHIII@Z	NAFXCW.LIB	HIGH	fid-census:70a8d16f09bf:$NW/appui.obj:c4e0507f6523
0x180964	?MessageBoxA@CWnd@@QAEHPBD0I@Z	NAFXCW.LIB	HIGH	fid-census:70a8d16f09bf:$NW/appui.obj:c4e0507f6523
0x18099d	?SaveAllModified@CWinApp@@UAEHXZ	NAFXCW.LIB	HIGH	fid-census:70a8d16f09bf:$NW/appui.obj:c4e0507f6523
0x1809b0	?AddToRecentFileList@CWinApp@@UAEXPBD@Z	NAFXCW.LIB	HIGH	fid-census:70a8d16f09bf:$NW/appui.obj:c4e0507f6523
0x1809eb	?OpenDocumentFile@CWinApp@@UAEPAVCDocument@@PBD@Z	NAFXCW.LIB	HIGH	fid-census:70a8d16f09bf:$NW/appui.obj:c4e0507f6523
0x1809fd	?CloseAllDocuments@CWinApp@@QAEXH@Z	NAFXCW.LIB	HIGH	fid-census:70a8d16f09bf:$NW/appui.obj:c4e0507f6523
0x180a13	?OnUpdateRecentFileMenu@CWinApp@@IAEXPAVCCmdUI@@@Z	NAFXCW.LIB	HIGH	fid-census:70a8d16f09bf:$NW/appui.obj:c4e0507f6523
0x180a35	?OnDDECommand@CWinApp@@UAEHPAD@Z	NAFXCW.LIB	HIGH	fid-census:70a8d16f09bf:$NW/appui.obj:c4e0507f6523
0x180a4f	?OnOpenRecentFile@CWinApp@@IAEHI@Z	NAFXCW.LIB	HIGH	fid-census:70a8d16f09bf:$NW/appui.obj:c4e0507f6523
0x180a88	??0CMemFile@@QAE@I@Z	NAFXCW.LIB	HIGH	fid-census:70a8d16f09bf:$NW/filemem.obj:dc4a3bdb88e5
0x180ad4	??0CMemFile@@QAE@PAEII@Z	NAFXCW.LIB	HIGH	fid-census:70a8d16f09bf:$NW/filemem.obj:dc4a3bdb88e5
0x180b10	?Attach@CMemFile@@QAEXPAEII@Z	NAFXCW.LIB	HIGH	fid-census:70a8d16f09bf:$NW/filemem.obj:dc4a3bdb88e5
0x180b3b	?Detach@CMemFile@@QAEPAEXZ	NAFXCW.LIB	HIGH	fid-census:70a8d16f09bf:$NW/filemem.obj:dc4a3bdb88e5
0x180b4d	??1CMemFile@@UAE@XZ	NAFXCW.LIB	HIGH	fid-census:70a8d16f09bf:$NW/filemem.obj:dc4a3bdb88e5
0x180ba6	?Realloc@CMemFile@@MAEPAEPAEK@Z	NAFXCW.LIB	HIGH	fid-census:70a8d16f09bf:$NW/filemem.obj:dc4a3bdb88e5
0x180bb8	?Memcpy@CMemFile@@MAEPAEPAEPBEI@Z	NAFXCW.LIB	HIGH	fid-census:70a8d16f09bf:$NW/filemem.obj:dc4a3bdb88e5
0x180bee	?GrowFile@CMemFile@@MAEXK@Z	NAFXCW.LIB	HIGH	fid-census:70a8d16f09bf:$NW/filemem.obj:dc4a3bdb88e5
0x180c47	?SetLength@CMemFile@@UAEXK@Z	NAFXCW.LIB	HIGH	fid-census:70a8d16f09bf:$NW/filemem.obj:dc4a3bdb88e5
0x180c6a	?Read@CMemFile@@UAEIPAXI@Z	NAFXCW.LIB	HIGH	fid-census:70a8d16f09bf:$NW/filemem.obj:dc4a3bdb88e5
0x180cab	?Write@CMemFile@@UAEXPBXI@Z	NAFXCW.LIB	HIGH	fid-census:70a8d16f09bf:$NW/filemem.obj:dc4a3bdb88e5
0x180ced	?Seek@CMemFile@@UAEJJI@Z	NAFXCW.LIB	HIGH	fid-census:70a8d16f09bf:$NW/filemem.obj:dc4a3bdb88e5
0x180d34	?Close@CMemFile@@UAEXXZ	NAFXCW.LIB	HIGH	fid-census:70a8d16f09bf:$NW/filemem.obj:dc4a3bdb88e5
0x180d7b	?GetBufferPtr@CMemFile@@UAEIIIPAPAX0@Z	NAFXCW.LIB	HIGH	fid-census:70a8d16f09bf:$NW/filemem.obj:dc4a3bdb88e5
0x180e24	?WriteProfileInt@CWinApp@@QAEHPBD0H@Z	NAFXCW.LIB	HIGH	fid-census:70a8d16f09bf:$NW/appui3.obj:bcc0ff4ee1ce
0x180e99	?WriteProfileStringA@CWinApp@@QAEHPBD00@Z	NAFXCW.LIB	HIGH	fid-census:70a8d16f09bf:$NW/appui3.obj:bcc0ff4ee1ce
0x180f39	?WriteProfileBinary@CWinApp@@QAEHPBD0PAEI@Z	NAFXCW.LIB	HIGH	fid-census:70a8d16f09bf:$NW/appui3.obj:bcc0ff4ee1ce
0x180fda	?AfxFormatStrings@@YGXAAVCString@@IPBQBDH@Z	NAFXCW.LIB	HIGH	fid-census:70a8d16f09bf:$NW/apphelp.obj:da017f7fc135
0x181014	?AfxFormatStrings@@YGXAAVCString@@PBDPBQBDH@Z	NAFXCW.LIB	HIGH	fid-census:70a8d16f09bf:$NW/apphelp.obj:da017f7fc135
0x181113	?AfxFormatString1@@YGXAAVCString@@IPBD@Z	NAFXCW.LIB	HIGH	fid-census:70a8d16f09bf:$NW/apphelp.obj:da017f7fc135
0x18112a	?AfxFormatString2@@YGXAAVCString@@IPBD1@Z	NAFXCW.LIB	HIGH	fid-census:70a8d16f09bf:$NW/apphelp.obj:da017f7fc135
0x181150	?OnFileNew@CWinApp@@IAEXXZ	NAFXCW.LIB	HIGH	fid-census:70a8d16f09bf:$NW/appdlg.obj:5912dbbf1cac
0x18116b	?DoPromptFileName@CWinApp@@QAEHAAVCString@@IKHPAVCDocTemplate@@@Z	NAFXCW.LIB	HIGH	fid-census:70a8d16f09bf:$NW/appdlg.obj:5912dbbf1cac
0x1811ae	?DPtoHIMETRIC@CDC@@QBEXPAUtagSIZE@@@Z	NAFXCW.LIB	HIGH	fid-census:70a8d16f09bf:$NW/wingdix.obj:73caf5572d81
0x181240	?HIMETRICtoDP@CDC@@QBEXPAUtagSIZE@@@Z	NAFXCW.LIB	HIGH	fid-census:70a8d16f09bf:$NW/wingdix.obj:73caf5572d81
0x181690	?FillSolidRect@CDC@@QAEXPBUtagRECT@@K@Z	NAFXCW.LIB	HIGH	fid-census:70a8d16f09bf:$NW/wingdix.obj:73caf5572d81
0x1816ba	?FillSolidRect@CDC@@QAEXHHHHK@Z	NAFXCW.LIB	HIGH	fid-census:70a8d16f09bf:$NW/wingdix.obj:73caf5572d81
0x181706	?Draw3dRect@CDC@@QAEXPBUtagRECT@@KK@Z	NAFXCW.LIB	HIGH	fid-census:70a8d16f09bf:$NW/wingdix.obj:73caf5572d81
0x181731	?Draw3dRect@CDC@@QAEXHHHHKK@Z	NAFXCW.LIB	HIGH	fid-census:70a8d16f09bf:$NW/wingdix.obj:73caf5572d81
0x18179b	?CreatePointFont@CFont@@QAEHHPBDPAVCDC@@@Z	NAFXCW.LIB	HIGH	fid-census:70a8d16f09bf:$NW/wingdix.obj:73caf5572d81
0x1817e0	?CreatePointFontIndirect@CFont@@QAEHPBUtagLOGFONTA@@PAVCDC@@@Z	NAFXCW.LIB	HIGH	fid-census:70a8d16f09bf:$NW/wingdix.obj:73caf5572d81
0x18187e	?NormalizeRect@CRect@@QAEXXZ	NAFXCW.LIB	HIGH	fid-census:70a8d16f09bf:$NW/wingdix.obj:73caf5572d81
0x18189d	?InflateRect@CRect@@QAEXPBUtagRECT@@@Z	NAFXCW.LIB	HIGH	fid-census:70a8d16f09bf:$NW/wingdix.obj:73caf5572d81
0x1818ba	?InflateRect@CRect@@QAEXHHHH@Z	NAFXCW.LIB	HIGH	fid-census:70a8d16f09bf:$NW/wingdix.obj:73caf5572d81
0x1818d8	?DeflateRect@CRect@@QAEXPBUtagRECT@@@Z	NAFXCW.LIB	HIGH	fid-census:70a8d16f09bf:$NW/wingdix.obj:73caf5572d81
0x1818f5	?DeflateRect@CRect@@QAEXHHHH@Z	NAFXCW.LIB	HIGH	fid-census:70a8d16f09bf:$NW/wingdix.obj:73caf5572d81
0x181913	?MulDiv@CRect@@QBE?AV1@HH@Z	NAFXCW.LIB	HIGH	fid-census:70a8d16f09bf:$NW/wingdix.obj:73caf5572d81
0x181977	_$E350	NAFXCW.LIB	HIGH	fid-census:70a8d16f09bf:$NW/winfrm.obj:b21691518171
0x18199a	_$E353	NAFXCW.LIB	HIGH	fid-census:70a8d16f09bf:$NW/winfrm.obj:b21691518171
0x1819f5	??0CFrameWnd@@QAE@XZ	NAFXCW.LIB	HIGH	fid-census:70a8d16f09bf:$NW/winfrm.obj:b21691518171
0x181ad7	??1CFrameWnd@@UAE@XZ	NAFXCW.LIB	HIGH	fid-census:70a8d16f09bf:$NW/winfrm.obj:b21691518171
0x181b86	?LoadAccelTable@CFrameWnd@@QAEHPBD@Z	NAFXCW.LIB	HIGH	fid-census:70a8d16f09bf:$NW/winfrm.obj:b21691518171
0x181bac	?GetDefaultAccelerator@CFrameWnd@@UAEPAUHACCEL__@@XZ	NAFXCW.LIB	HIGH	fid-census:70a8d16f09bf:$NW/winfrm.obj:b21691518171
0x181bd0	?PreTranslateMessage@CFrameWnd@@UAEHPAUtagMSG@@@Z	NAFXCW.LIB	HIGH	fid-census:70a8d16f09bf:$NW/winfrm.obj:b21691518171
0x181c53	?OnPaletteChanged@CFrameWnd@@IAEXPAVCWnd@@@Z	NAFXCW.LIB	HIGH	fid-census:70a8d16f09bf:$NW/winfrm.obj:b21691518171
0x181c6f	?OnQueryNewPalette@CFrameWnd@@IAEHXZ	NAFXCW.LIB	HIGH	fid-census:70a8d16f09bf:$NW/winfrm.obj:b21691518171
0x181c90	?ExitHelpMode@CFrameWnd@@UAEXXZ	NAFXCW.LIB	HIGH	fid-census:70a8d16f09bf:$NW/winfrm.obj:b21691518171
0x181cfb	?OnSetCursor@CFrameWnd@@IAEHPAVCWnd@@II@Z	NAFXCW.LIB	HIGH	fid-census:70a8d16f09bf:$NW/winfrm.obj:b21691518171
0x181d25	?OnCommandHelp@CFrameWnd@@IAEJIJ@Z	NAFXCW.LIB	HIGH	fid-census:70a8d16f09bf:$NW/winfrm.obj:b21691518171
0x181d79	?OnHelpHitTest@CFrameWnd@@IAEJIJ@Z	NAFXCW.LIB	HIGH	fid-census:70a8d16f09bf:$NW/winfrm.obj:b21691518171
0x181d8f	?OnCommand@CFrameWnd@@MAEHIJ@Z	NAFXCW.LIB	HIGH	fid-census:70a8d16f09bf:$NW/winfrm.obj:b21691518171
0x181e06	?AfxIsDescendant@@YGHPAUHWND__@@0@Z	NAFXCW.LIB	HIGH	fid-census:70a8d16f09bf:$NW/winfrm.obj:b21691518171
0x181e26	?BeginModalState@CFrameWnd@@UAEXXZ	NAFXCW.LIB	HIGH	fid-census:70a8d16f09bf:$NW/winfrm.obj:b21691518171
0x181f53	?EndModalState@CFrameWnd@@UAEXXZ	NAFXCW.LIB	HIGH	fid-census:70a8d16f09bf:$NW/winfrm.obj:b21691518171
0x181fc2	?ShowOwnedWindows@CFrameWnd@@QAEXH@Z	NAFXCW.LIB	HIGH	fid-census:70a8d16f09bf:$NW/winfrm.obj:b21691518171
0x182064	?OnEnable@CFrameWnd@@IAEXH@Z	NAFXCW.LIB	HIGH	fid-census:70a8d16f09bf:$NW/winfrm.obj:b21691518171
0x182122	?NotifyFloatingWindows@CFrameWnd@@QAEXK@Z	NAFXCW.LIB	HIGH	fid-census:70a8d16f09bf:$NW/winfrm.obj:b21691518171
0x1821cc	?PreCreateWindow@CFrameWnd@@MAEHAAUtagCREATESTRUCTA@@@Z	NAFXCW.LIB	HIGH	fid-census:70a8d16f09bf:$NW/winfrm.obj:b21691518171
0x182224	?Create@CFrameWnd@@QAEHPBD0KABUtagRECT@@PAVCWnd@@0KPAUCCreateContext@@@Z	NAFXCW.LIB	HIGH	fid-census:70a8d16f09bf:$NW/winfrm.obj:b21691518171
0x1822bc	?CreateView@CFrameWnd@@QAEPAVCWnd@@PAUCCreateContext@@I@Z	NAFXCW.LIB	HIGH	fid-census:70a8d16f09bf:$NW/winfrm.obj:b21691518171
0x182334	?OnCreateClient@CFrameWnd@@MAEHPAUtagCREATESTRUCTA@@PAUCCreateContext@@@Z	NAFXCW.LIB	HIGH	fid-census:70a8d16f09bf:$NW/winfrm.obj:b21691518171
0x182365	?OnCreateHelper@CFrameWnd@@IAEHPAUtagCREATESTRUCTA@@PAUCCreateContext@@@Z	NAFXCW.LIB	HIGH	fid-census:70a8d16f09bf:$NW/winfrm.obj:b21691518171
0x1823b4	?GetIconWndClass@CFrameWnd@@IAEPBDKI@Z	NAFXCW.LIB	HIGH	fid-census:70a8d16f09bf:$NW/winfrm.obj:b21691518171
0x182437	?LoadFrame@CFrameWnd@@UAEHIKPAVCWnd@@PAUCCreateContext@@@Z	NAFXCW.LIB	HIGH	fid-census:70a8d16f09bf:$NW/winfrm.obj:b21691518171
0x182522	?OnUpdateFrameMenu@CFrameWnd@@UAEXPAUHMENU__@@@Z	NAFXCW.LIB	HIGH	fid-census:70a8d16f09bf:$NW/winfrm.obj:b21691518171
0x18255c	?InitialUpdateFrame@CFrameWnd@@QAEXPAVCDocument@@H@Z	NAFXCW.LIB	HIGH	fid-census:70a8d16f09bf:$NW/winfrm.obj:b21691518171
0x18261e	?OnClose@CFrameWnd@@IAEXXZ	NAFXCW.LIB	HIGH	fid-census:70a8d16f09bf:$NW/winfrm.obj:b21691518171
0x18271c	?OnDestroy@CFrameWnd@@IAEXXZ	NAFXCW.LIB	HIGH	fid-census:70a8d16f09bf:$NW/winfrm.obj:b21691518171
0x18276b	?RemoveControlBar@CFrameWnd@@QAEXPAVCControlBar@@@Z	NAFXCW.LIB	HIGH	fid-census:70a8d16f09bf:$NW/winfrm.obj:b21691518171
0x18278c	?OnCmdMsg@CFrameWnd@@UAEHIHPAXPAUAFX_CMDHANDLERINFO@@@Z	NAFXCW.LIB	HIGH	fid-census:70a8d16f09bf:$NW/winfrm.obj:b21691518171
0x1827f8	?OnHScroll@CFrameWnd@@IAEXIIPAVCScrollBar@@@Z	NAFXCW.LIB	HIGH	fid-census:70a8d16f09bf:$NW/winfrm.obj:b21691518171
0x182821	?OnVScroll@CFrameWnd@@IAEXIIPAVCScrollBar@@@Z	NAFXCW.LIB	HIGH	fid-census:70a8d16f09bf:$NW/winfrm.obj:b21691518171
0x18284a	?OnActivateTopLevel@CFrameWnd@@IAEJIJ@Z	NAFXCW.LIB	HIGH	fid-census:70a8d16f09bf:$NW/winfrm.obj:b21691518171
0x1828c6	?OnActivate@CFrameWnd@@IAEXIPAVCWnd@@H@Z	NAFXCW.LIB	HIGH	fid-census:70a8d16f09bf:$NW/winfrm.obj:b21691518171
0x18299a	?OnNcActivate@CFrameWnd@@IAEHH@Z	NAFXCW.LIB	HIGH	fid-census:70a8d16f09bf:$NW/winfrm.obj:b21691518171
0x1829d1	?OnSysCommand@CFrameWnd@@IAEXIJ@Z	NAFXCW.LIB	HIGH	fid-census:70a8d16f09bf:$NW/winfrm.obj:b21691518171
0x182a68	?OnDropFiles@CFrameWnd@@IAEXPAUHDROP__@@@Z	NAFXCW.LIB	HIGH	fid-census:70a8d16f09bf:$NW/winfrm.obj:b21691518171
0x182add	?OnQueryEndSession@CFrameWnd@@IAEHXZ	NAFXCW.LIB	HIGH	fid-census:70a8d16f09bf:$NW/winfrm.obj:b21691518171
0x182afe	?OnEndSession@CFrameWnd@@IAEXH@Z	NAFXCW.LIB	HIGH	fid-census:70a8d16f09bf:$NW/winfrm.obj:b21691518171
0x182b32	?OnDDEInitiate@CFrameWnd@@IAEJIJ@Z	NAFXCW.LIB	HIGH	fid-census:70a8d16f09bf:$NW/winfrm.obj:b21691518171
0x182bed	?OnDDEExecute@CFrameWnd@@IAEJIJ@Z	NAFXCW.LIB	HIGH	fid-census:70a8d16f09bf:$NW/winfrm.obj:b21691518171
0x182c88	?OnDDETerminate@CFrameWnd@@IAEJIJ@Z	NAFXCW.LIB	HIGH	fid-census:70a8d16f09bf:$NW/winfrm.obj:b21691518171
0x182caa	?SetActiveView@CFrameWnd@@QAEXPAVCView@@H@Z	NAFXCW.LIB	HIGH	fid-census:70a8d16f09bf:$NW/winfrm.obj:b21691518171
0x182d04	?OnSetFocus@CFrameWnd@@IAEXPAVCWnd@@@Z	NAFXCW.LIB	HIGH	fid-census:70a8d16f09bf:$NW/winfrm.obj:b21691518171
0x182d1f	?GetActiveDocument@CFrameWnd@@UAEPAVCDocument@@XZ	NAFXCW.LIB	HIGH	fid-census:70a8d16f09bf:$NW/winfrm.obj:b21691518171
0x182d2f	?ShowControlBar@CFrameWnd@@QAEXPAVCControlBar@@HH@Z	NAFXCW.LIB	HIGH	fid-census:70a8d16f09bf:$NW/winfrm.obj:b21691518171
0x182e2a	?OnInitMenuPopup@CFrameWnd@@IAEXPAVCMenu@@IH@Z	NAFXCW.LIB	HIGH	fid-census:70a8d16f09bf:$NW/winfrm.obj:b21691518171
0x182f8f	?OnMenuSelect@CFrameWnd@@IAEXIIPAUHMENU__@@@Z	NAFXCW.LIB	HIGH	fid-census:70a8d16f09bf:$NW/winfrm.obj:b21691518171
0x18307e	?GetMessageString@CFrameWnd@@UBEXIAAVCString@@@Z	NAFXCW.LIB	HIGH	fid-census:70a8d16f09bf:$NW/winfrm.obj:b21691518171
0x1830c2	?OnPopMessageString@CFrameWnd@@IAEJIJ@Z	NAFXCW.LIB	HIGH	fid-census:70a8d16f09bf:$NW/winfrm.obj:b21691518171
0x1830e5	?OnSetMessageString@CFrameWnd@@IAEJIJ@Z	NAFXCW.LIB	HIGH	fid-census:70a8d16f09bf:$NW/winfrm.obj:b21691518171
0x1831ae	?GetMessageBar@CFrameWnd@@UAEPAVCWnd@@XZ	NAFXCW.LIB	HIGH	fid-census:70a8d16f09bf:$NW/winfrm.obj:b21691518171
0x1831be	?OnEnterIdle@CFrameWnd@@IAEXIPAVCWnd@@@Z	NAFXCW.LIB	HIGH	fid-census:70a8d16f09bf:$NW/winfrm.obj:b21691518171
0x1831ef	?SetMessageText@CFrameWnd@@QAEXPBD@Z	NAFXCW.LIB	HIGH	fid-census:70a8d16f09bf:$NW/winfrm.obj:b21691518171
0x183206	?SetMessageText@CFrameWnd@@QAEXI@Z	NAFXCW.LIB	HIGH	fid-census:70a8d16f09bf:$NW/winfrm.obj:b21691518171
0x18321d	?DestroyDockBars@CFrameWnd@@QAEXXZ	NAFXCW.LIB	HIGH	fid-census:70a8d16f09bf:$NW/winfrm.obj:b21691518171
0x1832a6	?GetControlBar@CFrameWnd@@QAEPAVCControlBar@@I@Z	NAFXCW.LIB	HIGH	fid-census:70a8d16f09bf:$NW/winfrm.obj:b21691518171
0x1832da	?OnUpdateControlBarMenu@CFrameWnd@@QAEXPAVCCmdUI@@@Z	NAFXCW.LIB	HIGH	fid-census:70a8d16f09bf:$NW/winfrm.obj:b21691518171
0x18330f	?OnBarCheck@CFrameWnd@@QAEHI@Z	NAFXCW.LIB	HIGH	fid-census:70a8d16f09bf:$NW/winfrm.obj:b21691518171
0x183348	?OnToolTipText@CFrameWnd@@IAEHIPAUtagNMHDR@@PAJ@Z	NAFXCW.LIB	HIGH	fid-census:70a8d16f09bf:$NW/winfrm.obj:b21691518171
0x183429	?OnUpdateKeyIndicator@CFrameWnd@@IAEXPAVCCmdUI@@@Z	NAFXCW.LIB	HIGH	fid-census:70a8d16f09bf:$NW/winfrm.obj:b21691518171
0x18348a	?OnUpdateContextHelp@CFrameWnd@@IAEXPAVCCmdUI@@@Z	NAFXCW.LIB	HIGH	fid-census:70a8d16f09bf:$NW/winfrm.obj:b21691518171
0x1834b9	?OnUpdateFrameTitle@CFrameWnd@@UAEXH@Z	NAFXCW.LIB	HIGH	fid-census:70a8d16f09bf:$NW/winfrm.obj:b21691518171
0x1834fd	?UpdateFrameTitleForDocument@CFrameWnd@@IAEXPBD@Z	NAFXCW.LIB	HIGH	fid-census:70a8d16f09bf:$NW/winfrm.obj:b21691518171
0x1835fa	?OnSetPreviewMode@CFrameWnd@@UAEXHPAUCPrintPreviewState@@@Z	NAFXCW.LIB	HIGH	fid-census:70a8d16f09bf:$NW/winfrm.obj:b21691518171
0x183815	?DelayUpdateFrameMenu@CFrameWnd@@UAEXPAUHMENU__@@@Z	NAFXCW.LIB	HIGH	fid-census:70a8d16f09bf:$NW/winfrm.obj:b21691518171
0x183829	?OnIdleUpdateCmdUI@CFrameWnd@@IAEXXZ	NAFXCW.LIB	HIGH	fid-census:70a8d16f09bf:$NW/winfrm.obj:b21691518171
0x18389b	?RecalcLayout@CFrameWnd@@UAEXH@Z	NAFXCW.LIB	HIGH	fid-census:70a8d16f09bf:$NW/winfrm.obj:b21691518171
0x183988	?NegotiateBorderSpace@CFrameWnd@@UAEHIPAUtagRECT@@@Z	NAFXCW.LIB	HIGH	fid-census:70a8d16f09bf:$NW/winfrm.obj:b21691518171
0x183a02	?OnSize@CFrameWnd@@IAEXIHH@Z	NAFXCW.LIB	HIGH	fid-census:70a8d16f09bf:$NW/winfrm.obj:b21691518171
0x183a21	?OnEraseBkgnd@CFrameWnd@@IAEHPAVCDC@@@Z	NAFXCW.LIB	HIGH	fid-census:70a8d16f09bf:$NW/winfrm.obj:b21691518171
0x183a37	?OnRegisteredMouseWheel@CFrameWnd@@IAEJIJ@Z	NAFXCW.LIB	HIGH	fid-census:70a8d16f09bf:$NW/winfrm.obj:b21691518171
0x183adf	?ActivateFrame@CFrameWnd@@UAEXH@Z	NAFXCW.LIB	HIGH	fid-census:70a8d16f09bf:$NW/winfrm.obj:b21691518171
0x183b2f	?BringToTop@CFrameWnd@@IAEXH@Z	NAFXCW.LIB	HIGH	fid-census:70a8d16f09bf:$NW/winfrm.obj:b21691518171
0x183b5e	?GetDockingFrame@CControlBar@@QBEPAVCFrameWnd@@XZ	NAFXCW.LIB	HIGH	fid-census:70a8d16f09bf:$NW/winfrm.obj:b21691518171
0x183b6f	?IsFloating@CControlBar@@QBEHXZ	NAFXCW.LIB	HIGH	fid-census:70a8d16f09bf:$NW/winfrm.obj:b21691518171
0x183b99	?AfxOleOnReleaseAllObjects@@YGXXZ	NAFXCW.LIB	HIGH	fid-census:70a8d16f09bf:$NW/olelock.obj:4589a2e62294
0x183be0	?AfxOleCanExitApp@@YGHXZ	NAFXCW.LIB	HIGH	fid-census:70a8d16f09bf:$NW/olelock.obj:4589a2e62294
0x183c00	?AfxOleUnlockApp@@YGXXZ	NAFXCW.LIB	HIGH	fid-census:70a8d16f09bf:$NW/olelock.obj:4589a2e62294
0x183ce5	?GetCheckedRadioButton@CWnd@@QAEHHH@Z	NAFXCW.LIB	HIGH	fid-census:70a8d16f09bf:$NW/winctrl1.obj:ebda8faac302
0x183db5	?OnChildNotify@CListBox@@MAEHIIJPAJ@Z	NAFXCW.LIB	HIGH	fid-census:70a8d16f09bf:$NW/winctrl1.obj:ebda8faac302
0x183e4e	?GetText@CListBox@@QBEXHAAVCString@@@Z	NAFXCW.LIB	HIGH	fid-census:70a8d16f09bf:$NW/winctrl1.obj:ebda8faac302
0x183e91	?ItemFromPoint@CListBox@@QBEIVCPoint@@AAH@Z	NAFXCW.LIB	HIGH	fid-census:70a8d16f09bf:$NW/winctrl1.obj:ebda8faac302
0x183f30	?OnChildNotify@CComboBox@@MAEHIIJPAJ@Z	NAFXCW.LIB	HIGH	fid-census:70a8d16f09bf:$NW/winctrl1.obj:ebda8faac302
0x183f97	?GetLBText@CComboBox@@QBEXHAAVCString@@@Z	NAFXCW.LIB	HIGH	fid-census:70a8d16f09bf:$NW/winctrl1.obj:ebda8faac302
0x18408c	?OutputString@CDumpContext@@IAEXPBD@Z	NAFXCW.LIB	HIGH	fid-census:70a8d16f09bf:$NW/dumpcont.obj:dfdd483bb4e5
0x1840db	??6CDumpContext@@QAEAAV0@PBD@Z	NAFXCW.LIB	HIGH	fid-census:70a8d16f09bf:$NW/dumpcont.obj:dfdd483bb4e5
0x184164	??6CDumpContext@@QAEAAV0@E@Z	NAFXCW.LIB	HIGH	fid-census:70a8d16f09bf:$NW/dumpcont.obj:dfdd483bb4e5
0x184196	??6CDumpContext@@QAEAAV0@G@Z	NAFXCW.LIB	HIGH	fid-census:70a8d16f09bf:$NW/dumpcont.obj:dfdd483bb4e5
0x184288	??6CDumpContext@@QAEAAV0@PBVCObject@@@Z	NAFXCW.LIB	HIGH	fid-census:70a8d16f09bf:$NW/dumpcont.obj:dfdd483bb4e5
0x1842e9	?HexDump@CDumpContext@@QAEXPBDPAEHH@Z	NAFXCW.LIB	HIGH	fid-census:70a8d16f09bf:$NW/dumpcont.obj:dfdd483bb4e5
0x18442e	??0CWinThread@@QAE@P6AIPAX@Z0@Z	NAFXCW.LIB	HIGH	fid-census:70a8d16f09bf:$NW/thrdcore.obj:ee5628589eb2
0x18448e	??0CWinThread@@QAE@XZ	NAFXCW.LIB	HIGH	fid-census:70a8d16f09bf:$NW/thrdcore.obj:ee5628589eb2
0x1844cb	?CommonConstruct@CWinThread@@QAEXXZ	NAFXCW.LIB	HIGH	fid-census:70a8d16f09bf:$NW/thrdcore.obj:ee5628589eb2
0x1846b7	_$E350	NAFXCW.LIB	HIGH	fid-census:70a8d16f09bf:$NW/wingdi.obj:e0498a2ae480
0x1846ef	_$E355	NAFXCW.LIB	HIGH	fid-census:70a8d16f09bf:$NW/wingdi.obj:e0498a2ae480
0x184717	?CreateObject@CDC@@SGPAVCObject@@XZ	NAFXCW.LIB	HIGH	fid-census:70a8d16f09bf:$NW/wingdi.obj:e0498a2ae480
0x184831	_$E350	NAFXCW.LIB	HIGH	fid-census:70a8d16f09bf:$NW/except.obj:fe91f2dfee2c
0x184869	_$E355	NAFXCW.LIB	HIGH	fid-census:70a8d16f09bf:$NW/except.obj:fe91f2dfee2c
0x184891	??0_AFX_THREAD_STATE@@QAE@XZ	NAFXCW.LIB	HIGH	fid-census:70a8d16f09bf:$NW/afxstate.obj:3df6bc095ebb
0x1848c3	??1_AFX_THREAD_STATE@@UAE@XZ	NAFXCW.LIB	HIGH	fid-census:70a8d16f09bf:$NW/afxstate.obj:3df6bc095ebb
0x184973	??0AFX_MODULE_STATE@@QAE@H@Z	NAFXCW.LIB	HIGH	fid-census:70a8d16f09bf:$NW/afxstate.obj:3df6bc095ebb
0x1849f2	??1AFX_MODULE_STATE@@UAE@XZ	NAFXCW.LIB	HIGH	fid-census:70a8d16f09bf:$NW/afxstate.obj:3df6bc095ebb
0x184aa5	??0AFX_MODULE_THREAD_STATE@@QAE@XZ	NAFXCW.LIB	HIGH	fid-census:70a8d16f09bf:$NW/afxstate.obj:3df6bc095ebb
0x184b2b	??1AFX_MODULE_THREAD_STATE@@UAE@XZ	NAFXCW.LIB	HIGH	fid-census:70a8d16f09bf:$NW/afxstate.obj:3df6bc095ebb
0x184c3e	?AfxGetModuleState@@YGPAVAFX_MODULE_STATE@@XZ	NAFXCW.LIB	HIGH	fid-census:70a8d16f09bf:$NW/afxstate.obj:3df6bc095ebb
0x184c64	?AfxGetModuleThreadState@@YGPAVAFX_MODULE_THREAD_STATE@@XZ	NAFXCW.LIB	HIGH	fid-census:70a8d16f09bf:$NW/afxstate.obj:3df6bc095ebb
0x184c7b	?Unlock@CTypeLibCache@@QAEXXZ	NAFXCW.LIB	HIGH	fid-census:70a8d16f09bf:$NW/afxstate.obj:3df6bc095ebb
0x184cb0	?CreateObject@?$CProcessLocal@V_AFX_BASE_MODULE_STATE@@@@SGPAVCNoTrackObject@@XZ	NAFXCW.LIB	HIGH	fid-census:70a8d16f09bf:$NW/afxstate.obj:3df6bc095ebb
0x184d12	?CreateObject@CFrameWnd@@SGPAVCObject@@XZ	NAFXCW.LIB	HIGH	fid-census:70a8d16f09bf:$NW/winfrm.obj:b21691518171
0x184d7d	??0CWinApp@@QAE@PBD@Z	NAFXCW.LIB	HIGH	fid-census:70a8d16f09bf:$NW/appcore.obj:24db3ccdff5e
0x184e83	?InitApplication@CWinApp@@UAEHXZ	NAFXCW.LIB	HIGH	fid-census:70a8d16f09bf:$NW/appcore.obj:24db3ccdff5e
0x184ec7	?LoadStdProfileSettings@CWinApp@@IAEXI@Z	NAFXCW.LIB	HIGH	fid-census:70a8d16f09bf:$NW/appcore.obj:24db3ccdff5e
0x184f43	?ParseCommandLine@CWinApp@@QAEXAAVCCommandLineInfo@@@Z	NAFXCW.LIB	HIGH	fid-census:70a8d16f09bf:$NW/appcore.obj:24db3ccdff5e
0x184f96	??0CCommandLineInfo@@QAE@XZ	NAFXCW.LIB	HIGH	fid-census:70a8d16f09bf:$NW/appcore.obj:24db3ccdff5e
0x185021	??1CCommandLineInfo@@UAE@XZ	NAFXCW.LIB	HIGH	fid-census:70a8d16f09bf:$NW/appcore.obj:24db3ccdff5e
0x18507e	?ParseParam@CCommandLineInfo@@UAEXPBDHH@Z	NAFXCW.LIB	HIGH	fid-census:70a8d16f09bf:$NW/appcore.obj:24db3ccdff5e
0x1850a7	?ParseParamFlag@CCommandLineInfo@@IAEXPBD@Z	NAFXCW.LIB	HIGH	fid-census:70a8d16f09bf:$NW/appcore.obj:24db3ccdff5e
0x185165	?ParseParamNotFlag@CCommandLineInfo@@IAEXPBD@Z	NAFXCW.LIB	HIGH	fid-census:70a8d16f09bf:$NW/appcore.obj:24db3ccdff5e
0x1851b5	?ParseLast@CCommandLineInfo@@IAEXH@Z	NAFXCW.LIB	HIGH	fid-census:70a8d16f09bf:$NW/appcore.obj:24db3ccdff5e
0x1851e4	??1CWinApp@@UAE@XZ	NAFXCW.LIB	HIGH	fid-census:70a8d16f09bf:$NW/appcore.obj:24db3ccdff5e
0x185319	?SaveStdProfileSettings@CWinApp@@IAEXXZ	NAFXCW.LIB	HIGH	fid-census:70a8d16f09bf:$NW/appcore.obj:24db3ccdff5e
0x185355	?ExitInstance@CWinApp@@UAEHXZ	NAFXCW.LIB	HIGH	fid-census:70a8d16f09bf:$NW/appcore.obj:24db3ccdff5e
0x1853b7	?_AfxLoadDotBitmap@@YGXXZ	NAFXCW.LIB	HIGH	fid-census:70a8d16f09bf:$NW/cmdtarg.obj:b8daad7ff937
0x1854a1	?CreateObject@CWnd@@SGPAVCObject@@XZ	NAFXCW.LIB	HIGH	fid-census:70a8d16f09bf:$NW/wincore.obj:3aaf557ee656
0x1855fa	?AfxCriticalInit@@YGHXZ	NAFXCW.LIB	HIGH	fid-census:70a8d16f09bf:$NW/afxcrit.obj:4dbef5717ac7
0x185648	?AfxCriticalTerm@@YGXXZ	NAFXCW.LIB	HIGH	fid-census:70a8d16f09bf:$NW/afxcrit.obj:4dbef5717ac7
0x185696	?AfxLockGlobals@@YGXH@Z	NAFXCW.LIB	HIGH	fid-census:70a8d16f09bf:$NW/afxcrit.obj:4dbef5717ac7
0x185706	?AfxUnlockGlobals@@YGXH@Z	NAFXCW.LIB	HIGH	fid-census:70a8d16f09bf:$NW/afxcrit.obj:4dbef5717ac7
0x185727	?AddHead@CSimpleList@@QAEXPAX@Z	NAFXCW.LIB	HIGH	fid-census:70a8d16f09bf:$NW/afxtls.obj:eafdf642744e
0x18573a	?Remove@CSimpleList@@QAEHPAX@Z	NAFXCW.LIB	HIGH	fid-census:70a8d16f09bf:$NW/afxtls.obj:eafdf642744e
0x185785	??2CNoTrackObject@@SGPAXI@Z	NAFXCW.LIB	HIGH	fid-census:70a8d16f09bf:$NW/afxtls.obj:eafdf642744e
0x1857a3	??3CNoTrackObject@@SGXPAX@Z	NAFXCW.LIB	HIGH	fid-census:70a8d16f09bf:$NW/afxtls.obj:eafdf642744e
0x1857b7	??0CThreadSlotData@@QAE@XZ	NAFXCW.LIB	HIGH	fid-census:70a8d16f09bf:$NW/afxtls.obj:eafdf642744e
0x1857f9	??1CThreadSlotData@@QAE@XZ	NAFXCW.LIB	HIGH	fid-census:70a8d16f09bf:$NW/afxtls.obj:eafdf642744e
0x185850	?AllocSlot@CThreadSlotData@@QAEHXZ	NAFXCW.LIB	HIGH	fid-census:70a8d16f09bf:$NW/afxtls.obj:eafdf642744e
0x185962	?FreeSlot@CThreadSlotData@@QAEXH@Z	NAFXCW.LIB	HIGH	fid-census:70a8d16f09bf:$NW/afxtls.obj:eafdf642744e
0x1859bf	?SetValue@CThreadSlotData@@QAEXHPAX@Z	NAFXCW.LIB	HIGH	fid-census:70a8d16f09bf:$NW/afxtls.obj:eafdf642744e
0x185ac4	?AssignInstance@CThreadSlotData@@QAEXPAUHINSTANCE__@@@Z	NAFXCW.LIB	HIGH	fid-census:70a8d16f09bf:$NW/afxtls.obj:eafdf642744e
0x185b05	?DeleteValues@CThreadSlotData@@QAEXPAUCThreadData@@PAUHINSTANCE__@@@Z	NAFXCW.LIB	HIGH	fid-census:70a8d16f09bf:$NW/afxtls.obj:eafdf642744e
0x185b9e	?DeleteValues@CThreadSlotData@@QAEXPAUHINSTANCE__@@H@Z	NAFXCW.LIB	HIGH	fid-census:70a8d16f09bf:$NW/afxtls.obj:eafdf642744e
0x185bf7	?GetData@CThreadLocalObject@@QAEPAVCNoTrackObject@@P6GPAV2@XZ@Z	NAFXCW.LIB	HIGH	fid-census:70a8d16f09bf:$NW/afxtls.obj:eafdf642744e
0x185c6e	?GetDataNA@CThreadLocalObject@@QAEPAVCNoTrackObject@@XZ	NAFXCW.LIB	HIGH	fid-census:70a8d16f09bf:$NW/afxtls.obj:eafdf642744e
0x185c9b	??1CThreadLocalObject@@QAE@XZ	NAFXCW.LIB	HIGH	fid-census:70a8d16f09bf:$NW/afxtls.obj:eafdf642744e
0x185cb9	?GetData@CProcessLocalObject@@QAEPAVCNoTrackObject@@P6GPAV2@XZ@Z	NAFXCW.LIB	HIGH	fid-census:70a8d16f09bf:$NW/afxtls.obj:eafdf642744e
0x185d24	??1CProcessLocalObject@@QAE@XZ	NAFXCW.LIB	HIGH	fid-census:70a8d16f09bf:$NW/afxtls.obj:eafdf642744e
0x185d49	?AfxInitLocalData@@YGXPAUHINSTANCE__@@@Z	NAFXCW.LIB	HIGH	fid-census:70a8d16f09bf:$NW/afxtls.obj:eafdf642744e
0x185d5f	?AfxTermLocalData@@YGXPAUHINSTANCE__@@H@Z	NAFXCW.LIB	HIGH	fid-census:70a8d16f09bf:$NW/afxtls.obj:eafdf642744e
0x185d80	?AfxTlsRelease@@YGXXZ	NAFXCW.LIB	HIGH	fid-census:70a8d16f09bf:$NW/afxtls.obj:eafdf642744e
0x185da8	??1_AFX_CTL3D_STATE@@UAE@XZ	NAFXCW.LIB	HIGH	fid-census:70a8d16f09bf:$NW/app3d.obj:231376888c23
0x185def	??1_AFX_CTL3D_THREAD@@UAE@XZ	NAFXCW.LIB	HIGH	fid-census:70a8d16f09bf:$NW/app3d.obj:231376888c23
0x185e2f	?Enable3dControls@CWinApp@@IAEHXZ	NAFXCW.LIB	HIGH	fid-census:70a8d16f09bf:$NW/app3d.obj:231376888c23
0x185fc7	?AfxEnableWin40Compatibility@@YGXXZ	NAFXCW.LIB	HIGH	fid-census:70a8d16f09bf:$NW/auxdata.obj:242983053eb3
0x185ff7	?AfxEnableWin31Compatibility@@YGXXZ	NAFXCW.LIB	HIGH	fid-census:70a8d16f09bf:$NW/auxdata.obj:242983053eb3
0x186019	??0AUX_DATA@@QAE@XZ	NAFXCW.LIB	HIGH	fid-census:70a8d16f09bf:$NW/auxdata.obj:242983053eb3
0x1860ba	?AfxWinInit@@YGHPAUHINSTANCE__@@0PADH@Z	NAFXCW.LIB	HIGH	fid-census:70a8d16f09bf:$NW/appinit.obj:e33762efbccc
0x18611d	?SetCurrentHandles@CWinApp@@QAEXXZ	NAFXCW.LIB	HIGH	fid-census:70a8d16f09bf:$NW/appinit.obj:e33762efbccc
0x18623a	?AfxGetFileName@@YGIPBDPADI@Z	NAFXCW.LIB	HIGH	fid-census:70a8d16f09bf:$NW/appinit.obj:e33762efbccc
0x1862b6	?SetRegistryKey@CWinApp@@IAEXPBD@Z	NAFXCW.LIB	HIGH	fid-census:70a8d16f09bf:$NW/appui3.obj:bcc0ff4ee1ce
0x1862ee	?SetRegistryKey@CWinApp@@IAEXI@Z	NAFXCW.LIB	HIGH	fid-census:70a8d16f09bf:$NW/appui3.obj:bcc0ff4ee1ce
0x186321	?GetAppRegistryKey@CWinApp@@QAEPAUHKEY__@@XZ	NAFXCW.LIB	HIGH	fid-census:70a8d16f09bf:$NW/appui3.obj:bcc0ff4ee1ce
0x1863b5	?GetSectionKey@CWinApp@@QAEPAUHKEY__@@PBD@Z	NAFXCW.LIB	HIGH	fid-census:70a8d16f09bf:$NW/appui3.obj:bcc0ff4ee1ce
0x1863fb	?GetProfileIntA@CWinApp@@QAEIPBD0H@Z	NAFXCW.LIB	HIGH	fid-census:70a8d16f09bf:$NW/appui3.obj:bcc0ff4ee1ce
0x1866e2	?CreateObject@CImageList@@SGPAVCObject@@XZ	NAFXCW.LIB	HIGH	fid-census:70a8d16f09bf:$NW/winctrl2.obj:2e619b4dca0e
0x186762	??1CWinThread@@UAE@XZ	NAFXCW.LIB	HIGH	fid-census:70a8d16f09bf:$NW/thrdcore.obj:ee5628589eb2
0x1867b1	??1_AFX_WIN_STATE@@UAE@XZ	NAFXCW.LIB	HIGH	fid-census:70a8d16f09bf:$NW/appcore.obj:24db3ccdff5e
0x1867e8	?AfxPostQuitMessage@@YGXH@Z	NAFXCW.LIB	HIGH	fid-census:70a8d16f09bf:$NW/appcore.obj:24db3ccdff5e
0x186815	?AfxWinTerm@@YGXXZ	NAFXCW.LIB	HIGH	fid-census:70a8d16f09bf:$NW/appterm.obj:5fac28ebc9b8
